id;title;seller_id;condition;price;currency_id;sold_quantity;start_time;condition;status;accepts_mercadopago;
MLA1150951174;Google Chromecast With Google Tv De Voz 4k 8gb Snow Con 2gb De Memoria Ram;156810734;new;19899;ARS;5;2022-08-10T14:41:38.000Z;new;active;true;
MLA1178352138;Google Chromecast Ga00439 3.ª Generación Full Hd Carbón;58188094;new;9799;ARS;1;2022-09-27T16:19:53.000Z;new;paused;true;
MLA1122135208;Google Chromecast 2.ª Generación Full Hd 256mb Negro Con 512mb De Memoria Ram;69526727;new;9999;ARS;500;2022-02-03T20:50:27.000Z;new;active;true;
MLA832074188;Xiaomi Mi Box S Mdz-22-ab De Voz 4k 8gb Negro Con 2gb De Memoria Ram;318494504;new;23999;ARS;5000;2019-12-27T20:46:11.000Z;new;active;true;
MLA1207533583;Xiaomi Mi Tv Stick Mdz-24-aa De Voz Full Hd 8gb Negro Con 1gb De Memoria Ram;182932036;new;14899;ARS;50;2022-10-21T23:41:58.000Z;new;active;true;
MLA1177664828;Xiaomi Stick 4k Mdz-27-aa De Voz 4k 8gb Negro Con 2gb De Memoria Ram;630535017;new;19999;ARS;50;2022-09-26T13:43:40.000Z;new;active;true;
MLA1199951609;Google Chromecast With Google Tv De Voz 4k 8gb Sky Con 2gb De Memoria Ram;318494504;new;24999;ARS;5;2022-10-18T20:37:46.000Z;new;active;true;
MLA1133995390;Google Chromecast 2.ª Generación Full Hd 256mb Rojo Con 512mb De Memoria Ram;119914491;new;9999;ARS;200;2022-04-26T19:43:11.000Z;new;active;true;
MLA1134018363;Google Chromecast 2.ª Generación Full Hd 256mb Amarillo Con 512mb De Memoria Ram;309453406;new;9999;ARS;100;2022-04-26T19:45:47.000Z;new;active;true;
MLA1164049535;Tv Box Nvidia Shield Tv Pro Versión 2019 De Voz 4k 16gb Negro Con 3gb De Memoria Ram;482880972;new;89099;ARS;1;2022-09-07T14:26:53.000Z;new;active;true;
MLA782706781;Google Chromecast 3 Generacion Nuevo En Caja Hdmi C/ Fuente;69526727;new;10999;ARS;5000;2019-04-22T15:38:33.000Z;new;active;true;
MLA910314339;Chromecast With Google Tv  De Voz 4k 8gb  Snow 2gb Ram;318494504;new;24949;ARS;500;2021-03-02T20:03:52.000Z;new;active;true;
MLA770867984;Google Chromecast 2 Gener. Smart Tv Hdmi Ver. Bulk Sin Caja;69526727;new;8499;ARS;500;2019-02-13T18:13:34.000Z;new;active;true;
MLA906783171; Xiaomi Mi Tv Stick Mdz-24-aa Full Hd 8gb 1gb Ram Gtia Pce;174556876;new;15999;ARS;500;2021-02-02T14:21:03.000Z;new;active;true;
MLA781038431;Xiaomi Mi Tv Box S 2 Gb Ram 8 Gb 4k Control Remoto C/voz;318494504;new;23999;ARS;500;2019-04-11T16:45:17.000Z;new;active;true;
MLA770517413;Google Chromecast 3 Gen Smart Tv Hdmi Full Hd Usb Netflix ;287054359;new;11490;ARS;500;2019-02-11T17:38:45.000Z;new;active;true;
MLA914385329;Chromecast With Google Tv Control Voz 4k 2gb Ram Hdmi Wifi;86898163;new;20999;ARS;500;2021-04-01T20:32:53.000Z;new;active;true;
MLA767075653;Google Chromecast 2 Gen Smart Tv Hdmi Netflix Bulk Sin Caja;82274172;new;8499;ARS;200;2019-01-18T17:16:04.000Z;new;active;true;
MLA1124759816;Google Chromecast Full Hd Carbón;318494504;new;10099;ARS;250;2022-02-23T19:38:05.000Z;new;active;true;
MLA910313990; Chromecast With Google Tv  De Voz 4k 8gb  Snow 2gb Ram;318494504;new;20969;ARS;500;2021-03-02T19:58:32.000Z;new;active;true;
MLA906348632; Google Chromecast 3rd Generation  Full Hd  Carbón;318494504;new;15799;ARS;500;2021-01-29T21:49:45.000Z;new;active;true;
MLA1143782716;Google Chromecast 4k Android Tv Control De Voz Color Blanco!;61852079;new;25790;ARS;100;2022-06-22T18:10:49.000Z;new;active;true;
MLA606552113;Google Chromecast 3 Smart Tv Hdmi Usb Modelo Nuevo Local Gti;96270679;new;10300;ARS;250;2016-02-18T16:10:04.000Z;new;active;true;
MLA1160407532;Google Chromecast 2 Gen Sin Caja Bulk Smart Tv Hdmi Netflix ;499786196;new;8499;ARS;100;2022-08-30T12:31:36.000Z;new;active;true;
MLA886507539;Google Chromecast Con Google Tv 4k + Control Remoto;309453406;new;20999;ARS;530;2020-11-02T20:02:15.000Z;new;active;true;
MLA885133507;Chromecast Smart Tv Netflix Google Tv 4k Hdr Control Remoto;9198894;new;24799;ARS;500;2020-10-23T17:11:27.000Z;new;active;true;
MLA624018034;Google Chromecast 3ra Gen Smart Tv Box Netflix Hdmi Full Hd Flow Streaming Spotify Dual Band;9198894;new;10999;ARS;525;2016-06-14T02:38:10.000Z;new;active;true;
MLA921669068;Google Chromecast 2 Streaming Full Hd Netxflix Wifi Sin Caja;119914491;new;8999;ARS;250;2021-05-20T15:51:09.000Z;new;active;true;
MLA1157014601;Xiaomi Mi Tv Stick Full Hd Android Chromecast Netflix Cuotas;65156448;new;20917;ARS;150;2022-08-23T19:01:42.000Z;new;active;true;
MLA781038624;Xiaomi Mi Tv Box S 2 Gb Ram 8 Gb 4k C/remoto C/voz Cuotas!;318494504;new;29499;ARS;500;2019-04-11T16:47:25.000Z;new;active;true;
MLA883704576;Google Chromecast 3 Streaming Player Original Caja C/ Fuente;499786196;new;13599;ARS;500;2020-10-13T17:03:17.000Z;new;active;true;
MLA919397138;Chromecast 4ta Gen 4k 2gb Ram Google Tv Control Remoto Cuot;155107410;new;21990;ARS;250;2021-05-06T12:20:09.000Z;new;active;true;
MLA759895787;Google Chromecast 3 Generacion Smart Tv Original + Fuente;86898163;new;10899;ARS;500;2018-11-26T17:57:06.000Z;new;active;true;
MLA919341056;Chromecast 4ta Generacion Con Google Tv + Control Remoto;155107410;new;26999;ARS;500;2021-05-05T23:27:11.000Z;new;active;true;
MLA904247784;Google Chromecast 3rd Generation Full Hd 1080p Streaming Tv;499786196;new;10999;ARS;250;2021-01-14T19:08:08.000Z;new;active;true;
MLA886510335;Google Chromecast Con Google Tv 4k Hdmi Streaming Android Tv;119914491;new;20999;ARS;555;2020-11-02T20:16:28.000Z;new;active;true;
MLA615019452;Google Chromecast 3 Smart Tv Hdmi Usb Nuevo Modelo Local;96270679;new;10300;ARS;5000;2016-04-02T15:45:30.000Z;new;active;true;
MLA1122953396;Google Chromecast With Google Tv De Voz 4k 8gb Snow Con 2gb;817662254;new;21317.18;ARS;150;2022-02-10T14:24:54.000Z;new;active;true;
MLA1149244704;Google Chromecast 3.ª Gen Full Hd + Caja + Fuente 220v Nuevo;247639927;new;10387;ARS;100;2022-08-02T02:00:42.000Z;new;active;true;
MLA901541598; Google Chromecast 3rd Generación  Full Hd C/fuente Y Cables;51553752;new;11999;ARS;500;2020-12-18T14:15:25.000Z;new;active;true;
MLA921665845;Convertidor Smart Tv Google Chromecast 2da Gen Sin Caja;309453406;new;11999;ARS;150;2021-05-20T15:43:40.000Z;new;active;true;
MLA770888815;Google Chromecast 3 Generacion Smart Tv Netflix Original;82274172;new;10999;ARS;5;2019-02-13T19:27:55.000Z;new;active;true;
MLA1119928088;Chromecast Smart Tv Netflix Googletv 4k Hdr Control Remoto;32286540;new;24999;ARS;150;2022-01-19T16:37:50.000Z;new;active;true;
MLA1156518331;Xiaomi Mi Tv Stick Full Hd Android Chromecast Amazon Netflix;65156448;new;16492;ARS;50;2022-08-23T16:14:10.000Z;new;active;true;
MLA1157338121;Xiaomi Mi Box S Mdz-22-ab De Voz 4k 8gb Negro Con 2gb ;287054359;new;21441;ARS;50;2022-08-24T19:47:07.000Z;new;paused;true;
MLA875497448;Xiaomi Mi Tv Stick Full Hd Android Chromecast Amazon Netflix;134401239;new;14996;ARS;250;2020-08-28T12:45:43.000Z;new;active;true;
MLA914384593; Chromecast Google Tv 4k 8gb Blanco Control Remoto Voz;82274172;new;20999;ARS;250;2021-04-01T20:19:51.000Z;new;active;true;
MLA785122879;Google Chromecast 3 Conversor Smart Tv Netflix, You Tube;199785787;new;10369;ARS;50;2019-05-07T13:35:18.000Z;new;active;true;
MLA763377681;Convertidor Google Chromecast 3era Gen Con Fuente Externa;119914491;new;11999;ARS;500;2018-12-21T12:30:23.000Z;new;active;true;
MLA1120848222;Xiaomi Mi Tv Stick Full Hd Chromecast Android Netflix Amazon;703614652;new;16999;ARS;50;2022-01-26T17:10:38.000Z;new;active;true;
MLA1150951174;Google Chromecast With Google Tv De Voz 4k 8gb Snow Con 2gb De Memoria Ram;156810734;new;19899;ARS;5;2022-08-10T14:41:38.000Z;new;active;true;
MLA1178352138;Google Chromecast Ga00439 3.ª Generación Full Hd Carbón;58188094;new;9799;ARS;1;2022-09-27T16:19:53.000Z;new;paused;true;
MLA1122135208;Google Chromecast 2.ª Generación Full Hd 256mb Negro Con 512mb De Memoria Ram;69526727;new;9999;ARS;500;2022-02-03T20:50:27.000Z;new;active;true;
MLA832074188;Xiaomi Mi Box S Mdz-22-ab De Voz 4k 8gb Negro Con 2gb De Memoria Ram;318494504;new;23999;ARS;5000;2019-12-27T20:46:11.000Z;new;active;true;
MLA1207533583;Xiaomi Mi Tv Stick Mdz-24-aa De Voz Full Hd 8gb Negro Con 1gb De Memoria Ram;182932036;new;14899;ARS;50;2022-10-21T23:41:58.000Z;new;active;true;
MLA1177664828;Xiaomi Stick 4k Mdz-27-aa De Voz 4k 8gb Negro Con 2gb De Memoria Ram;630535017;new;19999;ARS;50;2022-09-26T13:43:40.000Z;new;active;true;
MLA1199951609;Google Chromecast With Google Tv De Voz 4k 8gb Sky Con 2gb De Memoria Ram;318494504;new;24999;ARS;5;2022-10-18T20:37:46.000Z;new;active;true;
MLA1133995390;Google Chromecast 2.ª Generación Full Hd 256mb Rojo Con 512mb De Memoria Ram;119914491;new;9999;ARS;200;2022-04-26T19:43:11.000Z;new;active;true;
MLA1134018363;Google Chromecast 2.ª Generación Full Hd 256mb Amarillo Con 512mb De Memoria Ram;309453406;new;9999;ARS;100;2022-04-26T19:45:47.000Z;new;active;true;
MLA1164049535;Tv Box Nvidia Shield Tv Pro Versión 2019 De Voz 4k 16gb Negro Con 3gb De Memoria Ram;482880972;new;89099;ARS;1;2022-09-07T14:26:53.000Z;new;active;true;
MLA782706781;Google Chromecast 3 Generacion Nuevo En Caja Hdmi C/ Fuente;69526727;new;10999;ARS;5000;2019-04-22T15:38:33.000Z;new;active;true;
MLA910314339;Chromecast With Google Tv  De Voz 4k 8gb  Snow 2gb Ram;318494504;new;24949;ARS;500;2021-03-02T20:03:52.000Z;new;active;true;
MLA770867984;Google Chromecast 2 Gener. Smart Tv Hdmi Ver. Bulk Sin Caja;69526727;new;8499;ARS;500;2019-02-13T18:13:34.000Z;new;active;true;
MLA906783171; Xiaomi Mi Tv Stick Mdz-24-aa Full Hd 8gb 1gb Ram Gtia Pce;174556876;new;15999;ARS;500;2021-02-02T14:21:03.000Z;new;active;true;
MLA781038431;Xiaomi Mi Tv Box S 2 Gb Ram 8 Gb 4k Control Remoto C/voz;318494504;new;23999;ARS;500;2019-04-11T16:45:17.000Z;new;active;true;
MLA770517413;Google Chromecast 3 Gen Smart Tv Hdmi Full Hd Usb Netflix ;287054359;new;11490;ARS;500;2019-02-11T17:38:45.000Z;new;active;true;
MLA914385329;Chromecast With Google Tv Control Voz 4k 2gb Ram Hdmi Wifi;86898163;new;20999;ARS;500;2021-04-01T20:32:53.000Z;new;active;true;
MLA767075653;Google Chromecast 2 Gen Smart Tv Hdmi Netflix Bulk Sin Caja;82274172;new;8499;ARS;200;2019-01-18T17:16:04.000Z;new;active;true;
MLA1124759816;Google Chromecast Full Hd Carbón;318494504;new;10099;ARS;250;2022-02-23T19:38:05.000Z;new;active;true;
MLA910313990; Chromecast With Google Tv  De Voz 4k 8gb  Snow 2gb Ram;318494504;new;20969;ARS;500;2021-03-02T19:58:32.000Z;new;active;true;
MLA906348632; Google Chromecast 3rd Generation  Full Hd  Carbón;318494504;new;15799;ARS;500;2021-01-29T21:49:45.000Z;new;active;true;
MLA1143782716;Google Chromecast 4k Android Tv Control De Voz Color Blanco!;61852079;new;25790;ARS;100;2022-06-22T18:10:49.000Z;new;active;true;
MLA606552113;Google Chromecast 3 Smart Tv Hdmi Usb Modelo Nuevo Local Gti;96270679;new;10300;ARS;250;2016-02-18T16:10:04.000Z;new;active;true;
MLA1160407532;Google Chromecast 2 Gen Sin Caja Bulk Smart Tv Hdmi Netflix ;499786196;new;8499;ARS;100;2022-08-30T12:31:36.000Z;new;active;true;
MLA886507539;Google Chromecast Con Google Tv 4k + Control Remoto;309453406;new;20999;ARS;530;2020-11-02T20:02:15.000Z;new;active;true;
MLA885133507;Chromecast Smart Tv Netflix Google Tv 4k Hdr Control Remoto;9198894;new;24799;ARS;500;2020-10-23T17:11:27.000Z;new;active;true;
MLA624018034;Google Chromecast 3ra Gen Smart Tv Box Netflix Hdmi Full Hd Flow Streaming Spotify Dual Band;9198894;new;10999;ARS;525;2016-06-14T02:38:10.000Z;new;active;true;
MLA921669068;Google Chromecast 2 Streaming Full Hd Netxflix Wifi Sin Caja;119914491;new;8999;ARS;250;2021-05-20T15:51:09.000Z;new;active;true;
MLA1157014601;Xiaomi Mi Tv Stick Full Hd Android Chromecast Netflix Cuotas;65156448;new;20917;ARS;150;2022-08-23T19:01:42.000Z;new;active;true;
MLA781038624;Xiaomi Mi Tv Box S 2 Gb Ram 8 Gb 4k C/remoto C/voz Cuotas!;318494504;new;29499;ARS;500;2019-04-11T16:47:25.000Z;new;active;true;
MLA883704576;Google Chromecast 3 Streaming Player Original Caja C/ Fuente;499786196;new;13599;ARS;500;2020-10-13T17:03:17.000Z;new;active;true;
MLA919397138;Chromecast 4ta Gen 4k 2gb Ram Google Tv Control Remoto Cuot;155107410;new;21990;ARS;250;2021-05-06T12:20:09.000Z;new;active;true;
MLA759895787;Google Chromecast 3 Generacion Smart Tv Original + Fuente;86898163;new;10899;ARS;500;2018-11-26T17:57:06.000Z;new;active;true;
MLA919341056;Chromecast 4ta Generacion Con Google Tv + Control Remoto;155107410;new;26999;ARS;500;2021-05-05T23:27:11.000Z;new;active;true;
MLA904247784;Google Chromecast 3rd Generation Full Hd 1080p Streaming Tv;499786196;new;10999;ARS;250;2021-01-14T19:08:08.000Z;new;active;true;
MLA886510335;Google Chromecast Con Google Tv 4k Hdmi Streaming Android Tv;119914491;new;20999;ARS;555;2020-11-02T20:16:28.000Z;new;active;true;
MLA615019452;Google Chromecast 3 Smart Tv Hdmi Usb Nuevo Modelo Local;96270679;new;10300;ARS;5000;2016-04-02T15:45:30.000Z;new;active;true;
MLA1122953396;Google Chromecast With Google Tv De Voz 4k 8gb Snow Con 2gb;817662254;new;21317.18;ARS;150;2022-02-10T14:24:54.000Z;new;active;true;
MLA1149244704;Google Chromecast 3.ª Gen Full Hd + Caja + Fuente 220v Nuevo;247639927;new;10387;ARS;100;2022-08-02T02:00:42.000Z;new;active;true;
MLA901541598; Google Chromecast 3rd Generación  Full Hd C/fuente Y Cables;51553752;new;11999;ARS;500;2020-12-18T14:15:25.000Z;new;active;true;
MLA921665845;Convertidor Smart Tv Google Chromecast 2da Gen Sin Caja;309453406;new;11999;ARS;150;2021-05-20T15:43:40.000Z;new;active;true;
MLA770888815;Google Chromecast 3 Generacion Smart Tv Netflix Original;82274172;new;10999;ARS;5;2019-02-13T19:27:55.000Z;new;active;true;
MLA1119928088;Chromecast Smart Tv Netflix Googletv 4k Hdr Control Remoto;32286540;new;24999;ARS;150;2022-01-19T16:37:50.000Z;new;active;true;
MLA1156518331;Xiaomi Mi Tv Stick Full Hd Android Chromecast Amazon Netflix;65156448;new;16492;ARS;50;2022-08-23T16:14:10.000Z;new;active;true;
MLA1157338121;Xiaomi Mi Box S Mdz-22-ab De Voz 4k 8gb Negro Con 2gb ;287054359;new;21441;ARS;50;2022-08-24T19:47:07.000Z;new;paused;true;
MLA875497448;Xiaomi Mi Tv Stick Full Hd Android Chromecast Amazon Netflix;134401239;new;14996;ARS;250;2020-08-28T12:45:43.000Z;new;active;true;
MLA914384593; Chromecast Google Tv 4k 8gb Blanco Control Remoto Voz;82274172;new;20999;ARS;250;2021-04-01T20:19:51.000Z;new;active;true;
MLA785122879;Google Chromecast 3 Conversor Smart Tv Netflix, You Tube;199785787;new;10369;ARS;50;2019-05-07T13:35:18.000Z;new;active;true;
MLA763377681;Convertidor Google Chromecast 3era Gen Con Fuente Externa;119914491;new;11999;ARS;500;2018-12-21T12:30:23.000Z;new;active;true;
MLA1120848222;Xiaomi Mi Tv Stick Full Hd Chromecast Android Netflix Amazon;703614652;new;16999;ARS;50;2022-01-26T17:10:38.000Z;new;active;true;
MLA1150951174;Google Chromecast With Google Tv De Voz 4k 8gb Snow Con 2gb De Memoria Ram;156810734;new;19899;ARS;5;2022-08-10T14:41:38.000Z;new;active;true;
MLA1178352138;Google Chromecast Ga00439 3.ª Generación Full Hd Carbón;58188094;new;9799;ARS;1;2022-09-27T16:19:53.000Z;new;paused;true;
MLA1122135208;Google Chromecast 2.ª Generación Full Hd 256mb Negro Con 512mb De Memoria Ram;69526727;new;9999;ARS;500;2022-02-03T20:50:27.000Z;new;active;true;
MLA832074188;Xiaomi Mi Box S Mdz-22-ab De Voz 4k 8gb Negro Con 2gb De Memoria Ram;318494504;new;23999;ARS;5000;2019-12-27T20:46:11.000Z;new;active;true;
MLA1207533583;Xiaomi Mi Tv Stick Mdz-24-aa De Voz Full Hd 8gb Negro Con 1gb De Memoria Ram;182932036;new;14899;ARS;50;2022-10-21T23:41:58.000Z;new;active;true;
MLA1177664828;Xiaomi Stick 4k Mdz-27-aa De Voz 4k 8gb Negro Con 2gb De Memoria Ram;630535017;new;19999;ARS;50;2022-09-26T13:43:40.000Z;new;active;true;
MLA1199951609;Google Chromecast With Google Tv De Voz 4k 8gb Sky Con 2gb De Memoria Ram;318494504;new;24999;ARS;5;2022-10-18T20:37:46.000Z;new;active;true;
MLA1133995390;Google Chromecast 2.ª Generación Full Hd 256mb Rojo Con 512mb De Memoria Ram;119914491;new;9999;ARS;200;2022-04-26T19:43:11.000Z;new;active;true;
MLA1134018363;Google Chromecast 2.ª Generación Full Hd 256mb Amarillo Con 512mb De Memoria Ram;309453406;new;9999;ARS;100;2022-04-26T19:45:47.000Z;new;active;true;
MLA1164049535;Tv Box Nvidia Shield Tv Pro Versión 2019 De Voz 4k 16gb Negro Con 3gb De Memoria Ram;482880972;new;89099;ARS;1;2022-09-07T14:26:53.000Z;new;active;true;
MLA782706781;Google Chromecast 3 Generacion Nuevo En Caja Hdmi C/ Fuente;69526727;new;10999;ARS;5000;2019-04-22T15:38:33.000Z;new;active;true;
MLA910314339;Chromecast With Google Tv  De Voz 4k 8gb  Snow 2gb Ram;318494504;new;24949;ARS;500;2021-03-02T20:03:52.000Z;new;active;true;
MLA770867984;Google Chromecast 2 Gener. Smart Tv Hdmi Ver. Bulk Sin Caja;69526727;new;8499;ARS;500;2019-02-13T18:13:34.000Z;new;active;true;
MLA906783171; Xiaomi Mi Tv Stick Mdz-24-aa Full Hd 8gb 1gb Ram Gtia Pce;174556876;new;15999;ARS;500;2021-02-02T14:21:03.000Z;new;active;true;
MLA781038431;Xiaomi Mi Tv Box S 2 Gb Ram 8 Gb 4k Control Remoto C/voz;318494504;new;23999;ARS;500;2019-04-11T16:45:17.000Z;new;active;true;
MLA770517413;Google Chromecast 3 Gen Smart Tv Hdmi Full Hd Usb Netflix ;287054359;new;11490;ARS;500;2019-02-11T17:38:45.000Z;new;active;true;
MLA914385329;Chromecast With Google Tv Control Voz 4k 2gb Ram Hdmi Wifi;86898163;new;20999;ARS;500;2021-04-01T20:32:53.000Z;new;active;true;
MLA767075653;Google Chromecast 2 Gen Smart Tv Hdmi Netflix Bulk Sin Caja;82274172;new;8499;ARS;200;2019-01-18T17:16:04.000Z;new;active;true;
MLA1124759816;Google Chromecast Full Hd Carbón;318494504;new;10099;ARS;250;2022-02-23T19:38:05.000Z;new;active;true;
MLA910313990; Chromecast With Google Tv  De Voz 4k 8gb  Snow 2gb Ram;318494504;new;20969;ARS;500;2021-03-02T19:58:32.000Z;new;active;true;
MLA906348632; Google Chromecast 3rd Generation  Full Hd  Carbón;318494504;new;15799;ARS;500;2021-01-29T21:49:45.000Z;new;active;true;
MLA1143782716;Google Chromecast 4k Android Tv Control De Voz Color Blanco!;61852079;new;25790;ARS;100;2022-06-22T18:10:49.000Z;new;active;true;
MLA606552113;Google Chromecast 3 Smart Tv Hdmi Usb Modelo Nuevo Local Gti;96270679;new;10300;ARS;250;2016-02-18T16:10:04.000Z;new;active;true;
MLA1160407532;Google Chromecast 2 Gen Sin Caja Bulk Smart Tv Hdmi Netflix ;499786196;new;8499;ARS;100;2022-08-30T12:31:36.000Z;new;active;true;
MLA886507539;Google Chromecast Con Google Tv 4k + Control Remoto;309453406;new;20999;ARS;530;2020-11-02T20:02:15.000Z;new;active;true;
MLA885133507;Chromecast Smart Tv Netflix Google Tv 4k Hdr Control Remoto;9198894;new;24799;ARS;500;2020-10-23T17:11:27.000Z;new;active;true;
MLA624018034;Google Chromecast 3ra Gen Smart Tv Box Netflix Hdmi Full Hd Flow Streaming Spotify Dual Band;9198894;new;10999;ARS;525;2016-06-14T02:38:10.000Z;new;active;true;
MLA921669068;Google Chromecast 2 Streaming Full Hd Netxflix Wifi Sin Caja;119914491;new;8999;ARS;250;2021-05-20T15:51:09.000Z;new;active;true;
MLA1157014601;Xiaomi Mi Tv Stick Full Hd Android Chromecast Netflix Cuotas;65156448;new;20917;ARS;150;2022-08-23T19:01:42.000Z;new;active;true;
MLA781038624;Xiaomi Mi Tv Box S 2 Gb Ram 8 Gb 4k C/remoto C/voz Cuotas!;318494504;new;29499;ARS;500;2019-04-11T16:47:25.000Z;new;active;true;
MLA883704576;Google Chromecast 3 Streaming Player Original Caja C/ Fuente;499786196;new;13599;ARS;500;2020-10-13T17:03:17.000Z;new;active;true;
MLA919397138;Chromecast 4ta Gen 4k 2gb Ram Google Tv Control Remoto Cuot;155107410;new;21990;ARS;250;2021-05-06T12:20:09.000Z;new;active;true;
MLA759895787;Google Chromecast 3 Generacion Smart Tv Original + Fuente;86898163;new;10899;ARS;500;2018-11-26T17:57:06.000Z;new;active;true;
MLA919341056;Chromecast 4ta Generacion Con Google Tv + Control Remoto;155107410;new;26999;ARS;500;2021-05-05T23:27:11.000Z;new;active;true;
MLA904247784;Google Chromecast 3rd Generation Full Hd 1080p Streaming Tv;499786196;new;10999;ARS;250;2021-01-14T19:08:08.000Z;new;active;true;
MLA886510335;Google Chromecast Con Google Tv 4k Hdmi Streaming Android Tv;119914491;new;20999;ARS;555;2020-11-02T20:16:28.000Z;new;active;true;
MLA615019452;Google Chromecast 3 Smart Tv Hdmi Usb Nuevo Modelo Local;96270679;new;10300;ARS;5000;2016-04-02T15:45:30.000Z;new;active;true;
MLA1122953396;Google Chromecast With Google Tv De Voz 4k 8gb Snow Con 2gb;817662254;new;21317.18;ARS;150;2022-02-10T14:24:54.000Z;new;active;true;
MLA1149244704;Google Chromecast 3.ª Gen Full Hd + Caja + Fuente 220v Nuevo;247639927;new;10387;ARS;100;2022-08-02T02:00:42.000Z;new;active;true;
MLA901541598; Google Chromecast 3rd Generación  Full Hd C/fuente Y Cables;51553752;new;11999;ARS;500;2020-12-18T14:15:25.000Z;new;active;true;
MLA921665845;Convertidor Smart Tv Google Chromecast 2da Gen Sin Caja;309453406;new;11999;ARS;150;2021-05-20T15:43:40.000Z;new;active;true;
MLA770888815;Google Chromecast 3 Generacion Smart Tv Netflix Original;82274172;new;10999;ARS;5;2019-02-13T19:27:55.000Z;new;active;true;
MLA1119928088;Chromecast Smart Tv Netflix Googletv 4k Hdr Control Remoto;32286540;new;24999;ARS;150;2022-01-19T16:37:50.000Z;new;active;true;
MLA1156518331;Xiaomi Mi Tv Stick Full Hd Android Chromecast Amazon Netflix;65156448;new;16492;ARS;50;2022-08-23T16:14:10.000Z;new;active;true;
MLA1157338121;Xiaomi Mi Box S Mdz-22-ab De Voz 4k 8gb Negro Con 2gb ;287054359;new;21441;ARS;50;2022-08-24T19:47:07.000Z;new;paused;true;
MLA875497448;Xiaomi Mi Tv Stick Full Hd Android Chromecast Amazon Netflix;134401239;new;14996;ARS;250;2020-08-28T12:45:43.000Z;new;active;true;
MLA914384593; Chromecast Google Tv 4k 8gb Blanco Control Remoto Voz;82274172;new;20999;ARS;250;2021-04-01T20:19:51.000Z;new;active;true;
MLA785122879;Google Chromecast 3 Conversor Smart Tv Netflix, You Tube;199785787;new;10369;ARS;50;2019-05-07T13:35:18.000Z;new;active;true;
MLA763377681;Convertidor Google Chromecast 3era Gen Con Fuente Externa;119914491;new;11999;ARS;500;2018-12-21T12:30:23.000Z;new;active;true;
MLA1120848222;Xiaomi Mi Tv Stick Full Hd Chromecast Android Netflix Amazon;703614652;new;16999;ARS;50;2022-01-26T17:10:38.000Z;new;active;true;
MLA1150951174;Google Chromecast With Google Tv De Voz 4k 8gb Snow Con 2gb De Memoria Ram;156810734;new;19899;ARS;5;2022-08-10T14:41:38.000Z;new;active;true;
MLA1178352138;Google Chromecast Ga00439 3.ª Generación Full Hd Carbón;58188094;new;9799;ARS;1;2022-09-27T16:19:53.000Z;new;paused;true;
MLA1122135208;Google Chromecast 2.ª Generación Full Hd 256mb Negro Con 512mb De Memoria Ram;69526727;new;9999;ARS;500;2022-02-03T20:50:27.000Z;new;active;true;
MLA832074188;Xiaomi Mi Box S Mdz-22-ab De Voz 4k 8gb Negro Con 2gb De Memoria Ram;318494504;new;23999;ARS;5000;2019-12-27T20:46:11.000Z;new;active;true;
MLA1207533583;Xiaomi Mi Tv Stick Mdz-24-aa De Voz Full Hd 8gb Negro Con 1gb De Memoria Ram;182932036;new;14899;ARS;50;2022-10-21T23:41:58.000Z;new;active;true;
MLA1177664828;Xiaomi Stick 4k Mdz-27-aa De Voz 4k 8gb Negro Con 2gb De Memoria Ram;630535017;new;19999;ARS;50;2022-09-26T13:43:40.000Z;new;active;true;
MLA1199951609;Google Chromecast With Google Tv De Voz 4k 8gb Sky Con 2gb De Memoria Ram;318494504;new;24999;ARS;5;2022-10-18T20:37:46.000Z;new;active;true;
MLA1133995390;Google Chromecast 2.ª Generación Full Hd 256mb Rojo Con 512mb De Memoria Ram;119914491;new;9999;ARS;200;2022-04-26T19:43:11.000Z;new;active;true;
MLA1134018363;Google Chromecast 2.ª Generación Full Hd 256mb Amarillo Con 512mb De Memoria Ram;309453406;new;9999;ARS;100;2022-04-26T19:45:47.000Z;new;active;true;
MLA1164049535;Tv Box Nvidia Shield Tv Pro Versión 2019 De Voz 4k 16gb Negro Con 3gb De Memoria Ram;482880972;new;89099;ARS;1;2022-09-07T14:26:53.000Z;new;active;true;
MLA782706781;Google Chromecast 3 Generacion Nuevo En Caja Hdmi C/ Fuente;69526727;new;10999;ARS;5000;2019-04-22T15:38:33.000Z;new;active;true;
MLA910314339;Chromecast With Google Tv  De Voz 4k 8gb  Snow 2gb Ram;318494504;new;24949;ARS;500;2021-03-02T20:03:52.000Z;new;active;true;
MLA770867984;Google Chromecast 2 Gener. Smart Tv Hdmi Ver. Bulk Sin Caja;69526727;new;8499;ARS;500;2019-02-13T18:13:34.000Z;new;active;true;
MLA906783171; Xiaomi Mi Tv Stick Mdz-24-aa Full Hd 8gb 1gb Ram Gtia Pce;174556876;new;15999;ARS;500;2021-02-02T14:21:03.000Z;new;active;true;
MLA781038431;Xiaomi Mi Tv Box S 2 Gb Ram 8 Gb 4k Control Remoto C/voz;318494504;new;23999;ARS;500;2019-04-11T16:45:17.000Z;new;active;true;
MLA770517413;Google Chromecast 3 Gen Smart Tv Hdmi Full Hd Usb Netflix ;287054359;new;11490;ARS;500;2019-02-11T17:38:45.000Z;new;active;true;
MLA914385329;Chromecast With Google Tv Control Voz 4k 2gb Ram Hdmi Wifi;86898163;new;20999;ARS;500;2021-04-01T20:32:53.000Z;new;active;true;
MLA767075653;Google Chromecast 2 Gen Smart Tv Hdmi Netflix Bulk Sin Caja;82274172;new;8499;ARS;200;2019-01-18T17:16:04.000Z;new;active;true;
MLA1124759816;Google Chromecast Full Hd Carbón;318494504;new;10099;ARS;250;2022-02-23T19:38:05.000Z;new;active;true;
MLA910313990; Chromecast With Google Tv  De Voz 4k 8gb  Snow 2gb Ram;318494504;new;20969;ARS;500;2021-03-02T19:58:32.000Z;new;active;true;
MLA906348632; Google Chromecast 3rd Generation  Full Hd  Carbón;318494504;new;15799;ARS;500;2021-01-29T21:49:45.000Z;new;active;true;
MLA1143782716;Google Chromecast 4k Android Tv Control De Voz Color Blanco!;61852079;new;25790;ARS;100;2022-06-22T18:10:49.000Z;new;active;true;
MLA606552113;Google Chromecast 3 Smart Tv Hdmi Usb Modelo Nuevo Local Gti;96270679;new;10300;ARS;250;2016-02-18T16:10:04.000Z;new;active;true;
MLA1160407532;Google Chromecast 2 Gen Sin Caja Bulk Smart Tv Hdmi Netflix ;499786196;new;8499;ARS;100;2022-08-30T12:31:36.000Z;new;active;true;
MLA886507539;Google Chromecast Con Google Tv 4k + Control Remoto;309453406;new;20999;ARS;530;2020-11-02T20:02:15.000Z;new;active;true;
MLA885133507;Chromecast Smart Tv Netflix Google Tv 4k Hdr Control Remoto;9198894;new;24799;ARS;500;2020-10-23T17:11:27.000Z;new;active;true;
MLA624018034;Google Chromecast 3ra Gen Smart Tv Box Netflix Hdmi Full Hd Flow Streaming Spotify Dual Band;9198894;new;10999;ARS;525;2016-06-14T02:38:10.000Z;new;active;true;
MLA921669068;Google Chromecast 2 Streaming Full Hd Netxflix Wifi Sin Caja;119914491;new;8999;ARS;250;2021-05-20T15:51:09.000Z;new;active;true;
MLA1157014601;Xiaomi Mi Tv Stick Full Hd Android Chromecast Netflix Cuotas;65156448;new;20917;ARS;150;2022-08-23T19:01:42.000Z;new;active;true;
MLA781038624;Xiaomi Mi Tv Box S 2 Gb Ram 8 Gb 4k C/remoto C/voz Cuotas!;318494504;new;29499;ARS;500;2019-04-11T16:47:25.000Z;new;active;true;
MLA832074188;Xiaomi Mi Box S Mdz-22-ab De Voz 4k 8gb Negro Con 2gb De Memoria Ram;318494504;new;23999;ARS;5000;2019-12-27T20:46:11.000Z;new;active;true;
MLA1207533583;Xiaomi Mi Tv Stick Mdz-24-aa De Voz Full Hd 8gb Negro Con 1gb De Memoria Ram;182932036;new;14899;ARS;50;2022-10-21T23:41:58.000Z;new;active;true;
MLA1177664828;Xiaomi Stick 4k Mdz-27-aa De Voz 4k 8gb Negro Con 2gb De Memoria Ram;630535017;new;19999;ARS;50;2022-09-26T13:43:40.000Z;new;active;true;
MLA906783171; Xiaomi Mi Tv Stick Mdz-24-aa Full Hd 8gb 1gb Ram Gtia Pce;174556876;new;15999;ARS;500;2021-02-02T14:21:03.000Z;new;active;true;
MLA781038431;Xiaomi Mi Tv Box S 2 Gb Ram 8 Gb 4k Control Remoto C/voz;318494504;new;23999;ARS;500;2019-04-11T16:45:17.000Z;new;active;true;
MLA1157014601;Xiaomi Mi Tv Stick Full Hd Android Chromecast Netflix Cuotas;65156448;new;20917;ARS;150;2022-08-23T19:01:42.000Z;new;active;true;
MLA781038624;Xiaomi Mi Tv Box S 2 Gb Ram 8 Gb 4k C/remoto C/voz Cuotas!;318494504;new;29499;ARS;500;2019-04-11T16:47:25.000Z;new;active;true;
MLA1156518331;Xiaomi Mi Tv Stick Full Hd Android Chromecast Amazon Netflix;65156448;new;16492;ARS;50;2022-08-23T16:14:10.000Z;new;active;true;
MLA1157338121;Xiaomi Mi Box S Mdz-22-ab De Voz 4k 8gb Negro Con 2gb ;287054359;new;21441;ARS;50;2022-08-24T19:47:07.000Z;new;paused;true;
MLA875497448;Xiaomi Mi Tv Stick Full Hd Android Chromecast Amazon Netflix;134401239;new;14996;ARS;250;2020-08-28T12:45:43.000Z;new;active;true;
MLA830169384;Xiaomi Mi Tv Box S 2 Gb Ram 8 Gb 4k Control Remoto C/voz;9198894;new;23799;ARS;500;2019-12-13T17:43:03.000Z;new;active;true;
MLA1120848222;Xiaomi Mi Tv Stick Full Hd Chromecast Android Netflix Amazon;703614652;new;16999;ARS;50;2022-01-26T17:10:38.000Z;new;active;true;
MLA1131590845;Xiaomi Mi Tv Stick 4k Ram 2gb 8gb Android Tv Netflix Amazon;23742253;new;21999;ARS;50;2022-04-11T13:23:51.000Z;new;active;true;
MLA1180034732;Convertidor Smart Tv Android Xiaomi Mi Tv Stick Chromecast  ;472182447;new;20749;ARS;5;2022-09-28T23:11:13.000Z;new;active;true;
MLA1140062600;Xiaomi Mi Tv Stick 4k Ram 2gb 8gb Chromecast Netflix Amazon;257077964;new;33047.95;ARS;50;2022-06-01T11:46:28.000Z;new;active;true;
MLA930197967;Xiaomi Mi Tv Stick Full Fhd Android Amazon Netflix Bgui;356287294;new;14788;ARS;100;2021-07-20T17:27:36.000Z;new;active;true;
MLA1140062618;Xiaomi Mi Tv Stick 4k 8gb Ram 2gb Chromecast Netflix Amazon;257077964;new;43508.93;ARS;25;2022-06-01T11:48:56.000Z;new;active;true;
MLA1160117408;Convertidor Smart Xiaomi Mi Tv Stick Amazon Disney Netflix;723068152;new;20589;ARS;5;2022-08-29T19:28:59.000Z;new;active;true;
MLA928780741;Mi Tv Xiaomi Stick Mdz-24-aa Full Hd 8gb 1gb Ram;9137597;new;20370;ARS;50;2021-07-09T01:35:35.000Z;new;active;true;
MLA1121557561;Xiaomi Mi Tv Stick Full Hd 8gb 1gb Ram Android Negro Voz;1382834;new;20200;ARS;25;2022-02-01T13:35:27.000Z;new;active;true;
MLA906783526; Xiaomi Mi Tv Stick Mdz-24-aa Full Hd 8gb 1gb Ram Gtia 6cts;174556876;new;20999;ARS;25;2021-02-02T14:24:48.000Z;new;active;true;
MLA1168352455;Xiaomi Mi Tv Stick Mdz-24-aa De Voz Full Hd 8gb;220170708;new;15500;ARS;25;2022-09-14T16:00:13.000Z;new;active;true;
MLA1135663142;Xiaomi Mi Tv Stick 4k Ram 2gb 8gb Android Tv Netflix Amazon;775509976;new;20759;ARS;5;2022-05-05T13:30:58.000Z;new;active;true;
MLA874268519; Xiaomi Mi Tv Stick 1080p Hdmi Wifi Bluetooth Android Tv;5846919;new;15894;ARS;25;2020-08-20T15:06:57.000Z;new;active;true;
MLA916225960;Xiaomi Mi Tv Stick Mdz-24-aa Full Hd 8gb 1gb Ram Control;23742253;new;15999;ARS;50;2021-04-14T19:31:21.000Z;new;active;true;
MLA1124556559;Xiaomi Mi Tv Stick Full Hd Chromecast Android Amazon Netflix;472182447;new;16190;ARS;5;2022-02-22T14:37:26.000Z;new;active;true;
MLA1113203295;Mi Tv Box Xiaomi S Eu Streaming 4k Wifi Bluetooth;309453406;new;32999;ARS;5;2021-11-20T16:55:32.000Z;new;active;true;
MLA1156566820;Xiaomi Mi Tv Stick Mdz-24-aa De Voz Full Hd 8gb Negro ;272386755;new;15499;ARS;5;2022-08-23T11:40:57.000Z;new;active;true;
MLA1181890740;Xiaomi Mi Tv Box S 2 Gb Ram 8 Gb 4k Control Remoto C/voz;541407353;new;29499;ARS;5;2022-09-30T19:59:14.000Z;new;active;true;
MLA904220748; Xiaomi Mi Tv Stick Full Hd 8gb  Negro Memoria Ram De 1gb;91988078;new;15999;ARS;25;2021-01-14T16:22:15.000Z;new;active;true;
MLA1130602560;Xiaomi Mi Tv Stick 4k Ram 2gb 8gb Android Tv Netflix Amazon;23742253;new;28159;ARS;25;2022-04-04T17:50:11.000Z;new;active;true;
MLA1113177605;Mi Tv Box Xiaomi S Eu Con Control Remoto ;119914491;new;23999;ARS;25;2021-11-20T17:22:13.000Z;new;active;true;
MLA1113190351; Xiaomi Mi Box S Mdz-22-ab De Voz 4k 8gb 2gb De Memoria Ram;284824585;new;23999;ARS;5;2021-11-20T17:12:36.000Z;new;active;true;
MLA1131034336;Tv Realme 4k Smart Tv Stick;27850143;new;22499;ARS;25;2022-04-06T17:02:16.000Z;new;active;true;
MLA916228017;Xiaomi Mi Tv Stick Mdz-24-aa Full Hd 8gb 1gb Ram Control;23742253;new;20499;ARS;50;2021-04-14T19:39:23.000Z;new;active;true;
MLA1181877750;Xiaomi Mi Tv Box S 2 Gb Ram 8 Gb 4k Control Remoto C/voz;541407353;new;23999;ARS;5;2022-09-30T19:59:16.000Z;new;active;true;
MLA1180522421;Convertidor Smart Xiaomi Stick 4k Mdz-27-aa 4k 8gb 2gb Hdmi;31934481;new;22710.6;ARS;2;2022-09-29T16:57:08.000Z;new;active;true;
MLA1110456164;Xiaomi Mi Tv Stick Mdz-24-aa Full Hd 8gb 1gb Ram Control;775509976;new;15999;ARS;25;2021-10-30T13:56:41.000Z;new;active;true;
MLA1113216396;Streaming Mi Tv Box Xiaomi S Eu Wifi Bluetooth 4k ;119914491;new;23999;ARS;5;2021-11-20T17:12:37.000Z;new;active;true;
MLA1128205818;Xiaomi Tv Stick 4k 2gb Ram 8gb Rom C/control Netflix-android;262582139;new;28936.91;ARS;4;2022-03-18T15:22:17.000Z;new;active;true;
MLA874271823; Xiaomi Mi Tv Stick 1080p Hdmi Wifi Bluetooth Android Tv;5846919;new;25095;ARS;5;2020-08-20T15:23:12.000Z;new;active;true;
MLA1210458254;Xiaomi Mi Tv Stick Full Hd Android Chromecast Netflix Ctas;65156448;new;19212.32;ARS;3;2022-10-23T20:17:19.000Z;new;active;true;
MLA1115941803; Xiaomi Mi Box S Mdz-22-ab De Voz 4k 8gb Negro 2gb Ram;149695995;new;25499;ARS;0;2021-12-14T10:45:27.000Z;new;active;true;
MLA1177116664;Xiaomi Stick 4k Mdz-27-aa De Voz 4k 8gb Negro Con 2gb Ram;630535017;new;19999;ARS;2;2022-09-26T13:43:39.000Z;new;active;true;
MLA874525376;Xiaomi Mi Tv Stick Full Hd Chromecast Android Netflix Amazon;31934481;new;15605.49;ARS;100;2020-08-21T20:19:38.000Z;new;active;true;
MLA1168356228;Xiaomi Mi Box S Mdz-22-ab De Voz 4k 8gb Negro Con 2gb;512225720;new;26000;ARS;0;2022-09-14T19:36:53.000Z;new;active;true;
MLA898101986;Xiaomi Mi Stick Tv Fhd Android Chromecast + Control Remoto;47277478;new;29858.68;ARS;25;2020-11-20T17:42:16.000Z;new;active;true;
MLA1149175419;Xiaomi Mi Tv Stick Convertidor De Smart Mdz-24-aa;301416735;new;16449;ARS;5;2022-08-01T12:22:51.000Z;new;active;true;
MLA930626947;Xiaomi Mi Tv Stick Mdz-24-aa Full Hd 8gb 1gb Ram Control;23742253;new;15999;ARS;25;2021-07-23T16:33:52.000Z;new;active;true;
MLA898102021;Xiaomi Mi Stick Tv Fhd Android Chromecast + Control Remoto;47277478;new;36188.98;ARS;5;2020-11-20T17:43:12.000Z;new;active;true;
MLA832074188;Xiaomi Mi Box S Mdz-22-ab De Voz 4k 8gb Negro Con 2gb De Memoria Ram;318494504;new;23999;ARS;5000;2019-12-27T20:46:11.000Z;new;active;true;
MLA1207533583;Xiaomi Mi Tv Stick Mdz-24-aa De Voz Full Hd 8gb Negro Con 1gb De Memoria Ram;182932036;new;14899;ARS;50;2022-10-21T23:41:58.000Z;new;active;true;
MLA1177664828;Xiaomi Stick 4k Mdz-27-aa De Voz 4k 8gb Negro Con 2gb De Memoria Ram;630535017;new;19999;ARS;50;2022-09-26T13:43:40.000Z;new;active;true;
MLA906783171; Xiaomi Mi Tv Stick Mdz-24-aa Full Hd 8gb 1gb Ram Gtia Pce;174556876;new;15999;ARS;500;2021-02-02T14:21:03.000Z;new;active;true;
MLA781038431;Xiaomi Mi Tv Box S 2 Gb Ram 8 Gb 4k Control Remoto C/voz;318494504;new;23999;ARS;500;2019-04-11T16:45:17.000Z;new;active;true;
MLA1157014601;Xiaomi Mi Tv Stick Full Hd Android Chromecast Netflix Cuotas;65156448;new;20917;ARS;150;2022-08-23T19:01:42.000Z;new;active;true;
MLA781038624;Xiaomi Mi Tv Box S 2 Gb Ram 8 Gb 4k C/remoto C/voz Cuotas!;318494504;new;29499;ARS;500;2019-04-11T16:47:25.000Z;new;active;true;
MLA1156518331;Xiaomi Mi Tv Stick Full Hd Android Chromecast Amazon Netflix;65156448;new;16492;ARS;50;2022-08-23T16:14:10.000Z;new;active;true;
MLA1157338121;Xiaomi Mi Box S Mdz-22-ab De Voz 4k 8gb Negro Con 2gb ;287054359;new;21441;ARS;50;2022-08-24T19:47:07.000Z;new;paused;true;
MLA875497448;Xiaomi Mi Tv Stick Full Hd Android Chromecast Amazon Netflix;134401239;new;14996;ARS;250;2020-08-28T12:45:43.000Z;new;active;true;
MLA830169384;Xiaomi Mi Tv Box S 2 Gb Ram 8 Gb 4k Control Remoto C/voz;9198894;new;23799;ARS;500;2019-12-13T17:43:03.000Z;new;active;true;
MLA1120848222;Xiaomi Mi Tv Stick Full Hd Chromecast Android Netflix Amazon;703614652;new;16999;ARS;50;2022-01-26T17:10:38.000Z;new;active;true;
MLA1131590845;Xiaomi Mi Tv Stick 4k Ram 2gb 8gb Android Tv Netflix Amazon;23742253;new;21999;ARS;50;2022-04-11T13:23:51.000Z;new;active;true;
MLA1180034732;Convertidor Smart Tv Android Xiaomi Mi Tv Stick Chromecast  ;472182447;new;20749;ARS;5;2022-09-28T23:11:13.000Z;new;active;true;
MLA1140062600;Xiaomi Mi Tv Stick 4k Ram 2gb 8gb Chromecast Netflix Amazon;257077964;new;33047.95;ARS;50;2022-06-01T11:46:28.000Z;new;active;true;
MLA930197967;Xiaomi Mi Tv Stick Full Fhd Android Amazon Netflix Bgui;356287294;new;14788;ARS;100;2021-07-20T17:27:36.000Z;new;active;true;
MLA1140062618;Xiaomi Mi Tv Stick 4k 8gb Ram 2gb Chromecast Netflix Amazon;257077964;new;43508.93;ARS;25;2022-06-01T11:48:56.000Z;new;active;true;
MLA1160117408;Convertidor Smart Xiaomi Mi Tv Stick Amazon Disney Netflix;723068152;new;20589;ARS;5;2022-08-29T19:28:59.000Z;new;active;true;
MLA928780741;Mi Tv Xiaomi Stick Mdz-24-aa Full Hd 8gb 1gb Ram;9137597;new;20370;ARS;50;2021-07-09T01:35:35.000Z;new;active;true;
MLA1121557561;Xiaomi Mi Tv Stick Full Hd 8gb 1gb Ram Android Negro Voz;1382834;new;20200;ARS;25;2022-02-01T13:35:27.000Z;new;active;true;
MLA906783526; Xiaomi Mi Tv Stick Mdz-24-aa Full Hd 8gb 1gb Ram Gtia 6cts;174556876;new;20999;ARS;25;2021-02-02T14:24:48.000Z;new;active;true;
MLA1168352455;Xiaomi Mi Tv Stick Mdz-24-aa De Voz Full Hd 8gb;220170708;new;15500;ARS;25;2022-09-14T16:00:13.000Z;new;active;true;
MLA1135663142;Xiaomi Mi Tv Stick 4k Ram 2gb 8gb Android Tv Netflix Amazon;775509976;new;20759;ARS;5;2022-05-05T13:30:58.000Z;new;active;true;
MLA874268519; Xiaomi Mi Tv Stick 1080p Hdmi Wifi Bluetooth Android Tv;5846919;new;15894;ARS;25;2020-08-20T15:06:57.000Z;new;active;true;
MLA916225960;Xiaomi Mi Tv Stick Mdz-24-aa Full Hd 8gb 1gb Ram Control;23742253;new;15999;ARS;50;2021-04-14T19:31:21.000Z;new;active;true;
MLA1124556559;Xiaomi Mi Tv Stick Full Hd Chromecast Android Amazon Netflix;472182447;new;16190;ARS;5;2022-02-22T14:37:26.000Z;new;active;true;
MLA1113203295;Mi Tv Box Xiaomi S Eu Streaming 4k Wifi Bluetooth;309453406;new;32999;ARS;5;2021-11-20T16:55:32.000Z;new;active;true;
MLA1156566820;Xiaomi Mi Tv Stick Mdz-24-aa De Voz Full Hd 8gb Negro ;272386755;new;15499;ARS;5;2022-08-23T11:40:57.000Z;new;active;true;
MLA1181890740;Xiaomi Mi Tv Box S 2 Gb Ram 8 Gb 4k Control Remoto C/voz;541407353;new;29499;ARS;5;2022-09-30T19:59:14.000Z;new;active;true;
MLA904220748; Xiaomi Mi Tv Stick Full Hd 8gb  Negro Memoria Ram De 1gb;91988078;new;15999;ARS;25;2021-01-14T16:22:15.000Z;new;active;true;
MLA1130602560;Xiaomi Mi Tv Stick 4k Ram 2gb 8gb Android Tv Netflix Amazon;23742253;new;28159;ARS;25;2022-04-04T17:50:11.000Z;new;active;true;
MLA1113177605;Mi Tv Box Xiaomi S Eu Con Control Remoto ;119914491;new;23999;ARS;25;2021-11-20T17:22:13.000Z;new;active;true;
MLA1113190351; Xiaomi Mi Box S Mdz-22-ab De Voz 4k 8gb 2gb De Memoria Ram;284824585;new;23999;ARS;5;2021-11-20T17:12:36.000Z;new;active;true;
MLA1131034336;Tv Realme 4k Smart Tv Stick;27850143;new;22499;ARS;25;2022-04-06T17:02:16.000Z;new;active;true;
MLA916228017;Xiaomi Mi Tv Stick Mdz-24-aa Full Hd 8gb 1gb Ram Control;23742253;new;20499;ARS;50;2021-04-14T19:39:23.000Z;new;active;true;
MLA1181877750;Xiaomi Mi Tv Box S 2 Gb Ram 8 Gb 4k Control Remoto C/voz;541407353;new;23999;ARS;5;2022-09-30T19:59:16.000Z;new;active;true;
MLA1180522421;Convertidor Smart Xiaomi Stick 4k Mdz-27-aa 4k 8gb 2gb Hdmi;31934481;new;22710.6;ARS;2;2022-09-29T16:57:08.000Z;new;active;true;
MLA1110456164;Xiaomi Mi Tv Stick Mdz-24-aa Full Hd 8gb 1gb Ram Control;775509976;new;15999;ARS;25;2021-10-30T13:56:41.000Z;new;active;true;
MLA1113216396;Streaming Mi Tv Box Xiaomi S Eu Wifi Bluetooth 4k ;119914491;new;23999;ARS;5;2021-11-20T17:12:37.000Z;new;active;true;
MLA1128205818;Xiaomi Tv Stick 4k 2gb Ram 8gb Rom C/control Netflix-android;262582139;new;28936.91;ARS;4;2022-03-18T15:22:17.000Z;new;active;true;
MLA874271823; Xiaomi Mi Tv Stick 1080p Hdmi Wifi Bluetooth Android Tv;5846919;new;25095;ARS;5;2020-08-20T15:23:12.000Z;new;active;true;
MLA1210458254;Xiaomi Mi Tv Stick Full Hd Android Chromecast Netflix Ctas;65156448;new;19212.32;ARS;3;2022-10-23T20:17:19.000Z;new;active;true;
MLA1115941803; Xiaomi Mi Box S Mdz-22-ab De Voz 4k 8gb Negro 2gb Ram;149695995;new;25499;ARS;0;2021-12-14T10:45:27.000Z;new;active;true;
MLA1177116664;Xiaomi Stick 4k Mdz-27-aa De Voz 4k 8gb Negro Con 2gb Ram;630535017;new;19999;ARS;2;2022-09-26T13:43:39.000Z;new;active;true;
MLA874525376;Xiaomi Mi Tv Stick Full Hd Chromecast Android Netflix Amazon;31934481;new;15605.49;ARS;100;2020-08-21T20:19:38.000Z;new;active;true;
MLA1168356228;Xiaomi Mi Box S Mdz-22-ab De Voz 4k 8gb Negro Con 2gb;512225720;new;26000;ARS;0;2022-09-14T19:36:53.000Z;new;active;true;
MLA898101986;Xiaomi Mi Stick Tv Fhd Android Chromecast + Control Remoto;47277478;new;29858.68;ARS;25;2020-11-20T17:42:16.000Z;new;active;true;
MLA1149175419;Xiaomi Mi Tv Stick Convertidor De Smart Mdz-24-aa;301416735;new;16449;ARS;5;2022-08-01T12:22:51.000Z;new;active;true;
MLA930626947;Xiaomi Mi Tv Stick Mdz-24-aa Full Hd 8gb 1gb Ram Control;23742253;new;15999;ARS;25;2021-07-23T16:33:52.000Z;new;active;true;
MLA898102021;Xiaomi Mi Stick Tv Fhd Android Chromecast + Control Remoto;47277478;new;36188.98;ARS;5;2020-11-20T17:43:12.000Z;new;active;true;
MLA832074188;Xiaomi Mi Box S Mdz-22-ab De Voz 4k 8gb Negro Con 2gb De Memoria Ram;318494504;new;23999;ARS;5000;2019-12-27T20:46:11.000Z;new;active;true;
MLA1207533583;Xiaomi Mi Tv Stick Mdz-24-aa De Voz Full Hd 8gb Negro Con 1gb De Memoria Ram;182932036;new;14899;ARS;50;2022-10-21T23:41:58.000Z;new;active;true;
MLA1177664828;Xiaomi Stick 4k Mdz-27-aa De Voz 4k 8gb Negro Con 2gb De Memoria Ram;630535017;new;19999;ARS;50;2022-09-26T13:43:40.000Z;new;active;true;
MLA906783171; Xiaomi Mi Tv Stick Mdz-24-aa Full Hd 8gb 1gb Ram Gtia Pce;174556876;new;15999;ARS;500;2021-02-02T14:21:03.000Z;new;active;true;
MLA781038431;Xiaomi Mi Tv Box S 2 Gb Ram 8 Gb 4k Control Remoto C/voz;318494504;new;23999;ARS;500;2019-04-11T16:45:17.000Z;new;active;true;
MLA1157014601;Xiaomi Mi Tv Stick Full Hd Android Chromecast Netflix Cuotas;65156448;new;20917;ARS;150;2022-08-23T19:01:42.000Z;new;active;true;
MLA781038624;Xiaomi Mi Tv Box S 2 Gb Ram 8 Gb 4k C/remoto C/voz Cuotas!;318494504;new;29499;ARS;500;2019-04-11T16:47:25.000Z;new;active;true;
MLA1156518331;Xiaomi Mi Tv Stick Full Hd Android Chromecast Amazon Netflix;65156448;new;16492;ARS;50;2022-08-23T16:14:10.000Z;new;active;true;
MLA1157338121;Xiaomi Mi Box S Mdz-22-ab De Voz 4k 8gb Negro Con 2gb ;287054359;new;21441;ARS;50;2022-08-24T19:47:07.000Z;new;paused;true;
MLA875497448;Xiaomi Mi Tv Stick Full Hd Android Chromecast Amazon Netflix;134401239;new;14996;ARS;250;2020-08-28T12:45:43.000Z;new;active;true;
MLA830169384;Xiaomi Mi Tv Box S 2 Gb Ram 8 Gb 4k Control Remoto C/voz;9198894;new;23799;ARS;500;2019-12-13T17:43:03.000Z;new;active;true;
MLA1120848222;Xiaomi Mi Tv Stick Full Hd Chromecast Android Netflix Amazon;703614652;new;16999;ARS;50;2022-01-26T17:10:38.000Z;new;active;true;
MLA1131590845;Xiaomi Mi Tv Stick 4k Ram 2gb 8gb Android Tv Netflix Amazon;23742253;new;21999;ARS;50;2022-04-11T13:23:51.000Z;new;active;true;
MLA1180034732;Convertidor Smart Tv Android Xiaomi Mi Tv Stick Chromecast  ;472182447;new;20749;ARS;5;2022-09-28T23:11:13.000Z;new;active;true;
MLA1140062600;Xiaomi Mi Tv Stick 4k Ram 2gb 8gb Chromecast Netflix Amazon;257077964;new;33047.95;ARS;50;2022-06-01T11:46:28.000Z;new;active;true;
MLA930197967;Xiaomi Mi Tv Stick Full Fhd Android Amazon Netflix Bgui;356287294;new;14788;ARS;100;2021-07-20T17:27:36.000Z;new;active;true;
MLA1140062618;Xiaomi Mi Tv Stick 4k 8gb Ram 2gb Chromecast Netflix Amazon;257077964;new;43508.93;ARS;25;2022-06-01T11:48:56.000Z;new;active;true;
MLA1160117408;Convertidor Smart Xiaomi Mi Tv Stick Amazon Disney Netflix;723068152;new;20589;ARS;5;2022-08-29T19:28:59.000Z;new;active;true;
MLA928780741;Mi Tv Xiaomi Stick Mdz-24-aa Full Hd 8gb 1gb Ram;9137597;new;20370;ARS;50;2021-07-09T01:35:35.000Z;new;active;true;
MLA1121557561;Xiaomi Mi Tv Stick Full Hd 8gb 1gb Ram Android Negro Voz;1382834;new;20200;ARS;25;2022-02-01T13:35:27.000Z;new;active;true;
MLA906783526; Xiaomi Mi Tv Stick Mdz-24-aa Full Hd 8gb 1gb Ram Gtia 6cts;174556876;new;20999;ARS;25;2021-02-02T14:24:48.000Z;new;active;true;
MLA1168352455;Xiaomi Mi Tv Stick Mdz-24-aa De Voz Full Hd 8gb;220170708;new;15500;ARS;25;2022-09-14T16:00:13.000Z;new;active;true;
MLA1135663142;Xiaomi Mi Tv Stick 4k Ram 2gb 8gb Android Tv Netflix Amazon;775509976;new;20759;ARS;5;2022-05-05T13:30:58.000Z;new;active;true;
MLA874268519; Xiaomi Mi Tv Stick 1080p Hdmi Wifi Bluetooth Android Tv;5846919;new;15894;ARS;25;2020-08-20T15:06:57.000Z;new;active;true;
MLA916225960;Xiaomi Mi Tv Stick Mdz-24-aa Full Hd 8gb 1gb Ram Control;23742253;new;15999;ARS;50;2021-04-14T19:31:21.000Z;new;active;true;
MLA1124556559;Xiaomi Mi Tv Stick Full Hd Chromecast Android Amazon Netflix;472182447;new;16190;ARS;5;2022-02-22T14:37:26.000Z;new;active;true;
MLA1113203295;Mi Tv Box Xiaomi S Eu Streaming 4k Wifi Bluetooth;309453406;new;32999;ARS;5;2021-11-20T16:55:32.000Z;new;active;true;
MLA1156566820;Xiaomi Mi Tv Stick Mdz-24-aa De Voz Full Hd 8gb Negro ;272386755;new;15499;ARS;5;2022-08-23T11:40:57.000Z;new;active;true;
MLA1181890740;Xiaomi Mi Tv Box S 2 Gb Ram 8 Gb 4k Control Remoto C/voz;541407353;new;29499;ARS;5;2022-09-30T19:59:14.000Z;new;active;true;
MLA904220748; Xiaomi Mi Tv Stick Full Hd 8gb  Negro Memoria Ram De 1gb;91988078;new;15999;ARS;25;2021-01-14T16:22:15.000Z;new;active;true;
MLA1130602560;Xiaomi Mi Tv Stick 4k Ram 2gb 8gb Android Tv Netflix Amazon;23742253;new;28159;ARS;25;2022-04-04T17:50:11.000Z;new;active;true;
MLA1113177605;Mi Tv Box Xiaomi S Eu Con Control Remoto ;119914491;new;23999;ARS;25;2021-11-20T17:22:13.000Z;new;active;true;
MLA1113190351; Xiaomi Mi Box S Mdz-22-ab De Voz 4k 8gb 2gb De Memoria Ram;284824585;new;23999;ARS;5;2021-11-20T17:12:36.000Z;new;active;true;
MLA1131034336;Tv Realme 4k Smart Tv Stick;27850143;new;22499;ARS;25;2022-04-06T17:02:16.000Z;new;active;true;
MLA916228017;Xiaomi Mi Tv Stick Mdz-24-aa Full Hd 8gb 1gb Ram Control;23742253;new;20499;ARS;50;2021-04-14T19:39:23.000Z;new;active;true;
MLA1181877750;Xiaomi Mi Tv Box S 2 Gb Ram 8 Gb 4k Control Remoto C/voz;541407353;new;23999;ARS;5;2022-09-30T19:59:16.000Z;new;active;true;
MLA1180522421;Convertidor Smart Xiaomi Stick 4k Mdz-27-aa 4k 8gb 2gb Hdmi;31934481;new;22710.6;ARS;2;2022-09-29T16:57:08.000Z;new;active;true;
MLA1110456164;Xiaomi Mi Tv Stick Mdz-24-aa Full Hd 8gb 1gb Ram Control;775509976;new;15999;ARS;25;2021-10-30T13:56:41.000Z;new;active;true;
MLA1113216396;Streaming Mi Tv Box Xiaomi S Eu Wifi Bluetooth 4k ;119914491;new;23999;ARS;5;2021-11-20T17:12:37.000Z;new;active;true;
MLA1128205818;Xiaomi Tv Stick 4k 2gb Ram 8gb Rom C/control Netflix-android;262582139;new;28936.91;ARS;4;2022-03-18T15:22:17.000Z;new;active;true;
MLA874271823; Xiaomi Mi Tv Stick 1080p Hdmi Wifi Bluetooth Android Tv;5846919;new;25095;ARS;5;2020-08-20T15:23:12.000Z;new;active;true;
MLA1210458254;Xiaomi Mi Tv Stick Full Hd Android Chromecast Netflix Ctas;65156448;new;19212.32;ARS;3;2022-10-23T20:17:19.000Z;new;active;true;
MLA1115941803; Xiaomi Mi Box S Mdz-22-ab De Voz 4k 8gb Negro 2gb Ram;149695995;new;25499;ARS;0;2021-12-14T10:45:27.000Z;new;active;true;
MLA1177116664;Xiaomi Stick 4k Mdz-27-aa De Voz 4k 8gb Negro Con 2gb Ram;630535017;new;19999;ARS;2;2022-09-26T13:43:39.000Z;new;active;true;
MLA874525376;Xiaomi Mi Tv Stick Full Hd Chromecast Android Netflix Amazon;31934481;new;15605.49;ARS;100;2020-08-21T20:19:38.000Z;new;active;true;
MLA1168356228;Xiaomi Mi Box S Mdz-22-ab De Voz 4k 8gb Negro Con 2gb;512225720;new;26000;ARS;0;2022-09-14T19:36:53.000Z;new;active;true;
MLA898101986;Xiaomi Mi Stick Tv Fhd Android Chromecast + Control Remoto;47277478;new;29858.68;ARS;25;2020-11-20T17:42:16.000Z;new;active;true;
MLA1149175419;Xiaomi Mi Tv Stick Convertidor De Smart Mdz-24-aa;301416735;new;16449;ARS;5;2022-08-01T12:22:51.000Z;new;active;true;
MLA930626947;Xiaomi Mi Tv Stick Mdz-24-aa Full Hd 8gb 1gb Ram Control;23742253;new;15999;ARS;25;2021-07-23T16:33:52.000Z;new;active;true;
MLA898102021;Xiaomi Mi Stick Tv Fhd Android Chromecast + Control Remoto;47277478;new;36188.98;ARS;5;2020-11-20T17:43:12.000Z;new;active;true;
MLA832074188;Xiaomi Mi Box S Mdz-22-ab De Voz 4k 8gb Negro Con 2gb De Memoria Ram;318494504;new;23999;ARS;5000;2019-12-27T20:46:11.000Z;new;active;true;
MLA1207533583;Xiaomi Mi Tv Stick Mdz-24-aa De Voz Full Hd 8gb Negro Con 1gb De Memoria Ram;182932036;new;14899;ARS;50;2022-10-21T23:41:58.000Z;new;active;true;
MLA1177664828;Xiaomi Stick 4k Mdz-27-aa De Voz 4k 8gb Negro Con 2gb De Memoria Ram;630535017;new;19999;ARS;50;2022-09-26T13:43:40.000Z;new;active;true;
MLA906783171; Xiaomi Mi Tv Stick Mdz-24-aa Full Hd 8gb 1gb Ram Gtia Pce;174556876;new;15999;ARS;500;2021-02-02T14:21:03.000Z;new;active;true;
MLA781038431;Xiaomi Mi Tv Box S 2 Gb Ram 8 Gb 4k Control Remoto C/voz;318494504;new;23999;ARS;500;2019-04-11T16:45:17.000Z;new;active;true;
MLA1157014601;Xiaomi Mi Tv Stick Full Hd Android Chromecast Netflix Cuotas;65156448;new;20917;ARS;150;2022-08-23T19:01:42.000Z;new;active;true;
MLA781038624;Xiaomi Mi Tv Box S 2 Gb Ram 8 Gb 4k C/remoto C/voz Cuotas!;318494504;new;29499;ARS;500;2019-04-11T16:47:25.000Z;new;active;true;
MLA1156518331;Xiaomi Mi Tv Stick Full Hd Android Chromecast Amazon Netflix;65156448;new;16492;ARS;50;2022-08-23T16:14:10.000Z;new;active;true;
MLA1157338121;Xiaomi Mi Box S Mdz-22-ab De Voz 4k 8gb Negro Con 2gb ;287054359;new;21441;ARS;50;2022-08-24T19:47:07.000Z;new;paused;true;
MLA875497448;Xiaomi Mi Tv Stick Full Hd Android Chromecast Amazon Netflix;134401239;new;14996;ARS;250;2020-08-28T12:45:43.000Z;new;active;true;
MLA830169384;Xiaomi Mi Tv Box S 2 Gb Ram 8 Gb 4k Control Remoto C/voz;9198894;new;23799;ARS;500;2019-12-13T17:43:03.000Z;new;active;true;
MLA1120848222;Xiaomi Mi Tv Stick Full Hd Chromecast Android Netflix Amazon;703614652;new;16999;ARS;50;2022-01-26T17:10:38.000Z;new;active;true;
MLA1131590845;Xiaomi Mi Tv Stick 4k Ram 2gb 8gb Android Tv Netflix Amazon;23742253;new;21999;ARS;50;2022-04-11T13:23:51.000Z;new;active;true;
MLA1180034732;Convertidor Smart Tv Android Xiaomi Mi Tv Stick Chromecast  ;472182447;new;20749;ARS;5;2022-09-28T23:11:13.000Z;new;active;true;
MLA1140062600;Xiaomi Mi Tv Stick 4k Ram 2gb 8gb Chromecast Netflix Amazon;257077964;new;33047.95;ARS;50;2022-06-01T11:46:28.000Z;new;active;true;
MLA930197967;Xiaomi Mi Tv Stick Full Fhd Android Amazon Netflix Bgui;356287294;new;14788;ARS;100;2021-07-20T17:27:36.000Z;new;active;true;
MLA1140062618;Xiaomi Mi Tv Stick 4k 8gb Ram 2gb Chromecast Netflix Amazon;257077964;new;43508.93;ARS;25;2022-06-01T11:48:56.000Z;new;active;true;
MLA1160117408;Convertidor Smart Xiaomi Mi Tv Stick Amazon Disney Netflix;723068152;new;20589;ARS;5;2022-08-29T19:28:59.000Z;new;active;true;
MLA928780741;Mi Tv Xiaomi Stick Mdz-24-aa Full Hd 8gb 1gb Ram;9137597;new;20370;ARS;50;2021-07-09T01:35:35.000Z;new;active;true;
MLA1121557561;Xiaomi Mi Tv Stick Full Hd 8gb 1gb Ram Android Negro Voz;1382834;new;20200;ARS;25;2022-02-01T13:35:27.000Z;new;active;true;
MLA906783526; Xiaomi Mi Tv Stick Mdz-24-aa Full Hd 8gb 1gb Ram Gtia 6cts;174556876;new;20999;ARS;25;2021-02-02T14:24:48.000Z;new;active;true;
MLA1168352455;Xiaomi Mi Tv Stick Mdz-24-aa De Voz Full Hd 8gb;220170708;new;15500;ARS;25;2022-09-14T16:00:13.000Z;new;active;true;
MLA1135663142;Xiaomi Mi Tv Stick 4k Ram 2gb 8gb Android Tv Netflix Amazon;775509976;new;20759;ARS;5;2022-05-05T13:30:58.000Z;new;active;true;
MLA874268519; Xiaomi Mi Tv Stick 1080p Hdmi Wifi Bluetooth Android Tv;5846919;new;15894;ARS;25;2020-08-20T15:06:57.000Z;new;active;true;
MLA916225960;Xiaomi Mi Tv Stick Mdz-24-aa Full Hd 8gb 1gb Ram Control;23742253;new;15999;ARS;50;2021-04-14T19:31:21.000Z;new;active;true;
MLA1124556559;Xiaomi Mi Tv Stick Full Hd Chromecast Android Amazon Netflix;472182447;new;16190;ARS;5;2022-02-22T14:37:26.000Z;new;active;true;
MLA1113203295;Mi Tv Box Xiaomi S Eu Streaming 4k Wifi Bluetooth;309453406;new;32999;ARS;5;2021-11-20T16:55:32.000Z;new;active;true;
MLA1156566820;Xiaomi Mi Tv Stick Mdz-24-aa De Voz Full Hd 8gb Negro ;272386755;new;15499;ARS;5;2022-08-23T11:40:57.000Z;new;active;true;
MLA1181890740;Xiaomi Mi Tv Box S 2 Gb Ram 8 Gb 4k Control Remoto C/voz;541407353;new;29499;ARS;5;2022-09-30T19:59:14.000Z;new;active;true;
MLA904220748; Xiaomi Mi Tv Stick Full Hd 8gb  Negro Memoria Ram De 1gb;91988078;new;15999;ARS;25;2021-01-14T16:22:15.000Z;new;active;true;
MLA1187478584;Smart Tv Noblex Dr32x7000pi Led Hd 32'' Con Android Tv;256324891;new;45499;ARS;250;2022-10-08T16:21:37.000Z;new;active;true;
MLA1109741535;Smart Tv Samsung Series 7 Un50au7000gczb Led 4k 50  220v - 240v;608846165;new;139999;ARS;5000;2021-10-26T03:03:21.000Z;new;active;true;
MLA897125848;Smart Tv LG Ai Thinq 43lm6350psb Led Full Hd 43  220v;131846678;new;92499;ARS;150;2020-11-13T21:46:55.000Z;new;active;true;
MLA1127851776;Smart Tv Philips 6800 Series 43pfd6825/77 Led Full Hd 43  110v/240v;323800888;new;74489;ARS;250;2022-03-16T14:19:38.000Z;new;active;true;
MLA1148941757;Smart Tv Samsung Series 7 Un55au7000gczb Led 4k 55  220v - 240v;608846165;new;169999;ARS;250;2022-07-29T20:13:26.000Z;new;active;true;
MLA1201281697;Smart Tv Rca C39and Led 39  100v/240v;243450833;new;56999;ARS;5;2022-10-19T13:09:38.000Z;new;active;true;
MLA1110426667;Smart Tv Philips 6800 Series 32phd6825/77 Led Hd 32  110v/240v;184616888;new;49608.94;ARS;25;2021-10-30T18:37:40.000Z;new;active;true;
MLA1149132312;Smart Tv Philips 6900 Series 43pfd6917/77 Led Full Hd 43  110v/240v;608846165;new;84999;ARS;500;2022-08-01T16:14:59.000Z;new;active;true;
MLA1147516524;Smart Tv Samsung Series 7 Un65au7000gczb Led 4k 65  220v - 240v;608846165;new;241999;ARS;250;2022-07-20T14:32:52.000Z;new;active;true;
MLA1135652074;Smart Tv Noblex Dk55x6500 Led 4k 55;147257166;new;124027;ARS;25;2022-05-05T14:30:09.000Z;new;active;true;
MLA1178587552;Smart Tv Bgh 32 Pne040257 Hd Led 100-240v;207319479;new;44660;ARS;5;2022-09-27T11:37:15.000Z;new;active;true;
MLA904833049;Smart Tv Samsung Series 5 Un43t5300agczb Led Full Hd 43  220v - 240v;608846165;new;99999;ARS;5000;2021-01-19T17:47:13.000Z;new;active;true;
MLA1166849945;Smart Tv Samsung Series 4 Un32t4300agczb Led Hd 32  220v - 240v;243450833;new;64999;ARS;5;2022-09-12T14:32:52.000Z;new;paused;true;
MLA1155282500;Smart Tv Tcl P725-series L50p725 Led 4k 50  220v - 240v;288753228;new;129999;ARS;5;2022-08-19T19:02:06.000Z;new;active;true;
MLA1185975197;Smart Tv Philips 7000 Series 50pud7406/77 Led 4k 50  110v/240v;207319479;new;104600;ARS;3;2022-10-06T17:19:48.000Z;new;active;true;
MLA1148402374;Smart Tv Tedge Teled-42fhd6 42  Led Full Hd 220v Youtube Netflix;417972986;new;65999;ARS;500;2022-07-26T13:01:43.000Z;new;active;true;
MLA1149169085;Smart Tv Bgh Led Uhd 4k Android Pne040263 220v;608846165;new;117999;ARS;500;2022-08-01T12:49:30.000Z;new;active;true;
MLA1109813451;Smart Tv Samsung Series 7 Un43au7000gczb Led 4k 43  220v - 240v;608846165;new;114999;ARS;500;2021-10-26T07:38:14.000Z;new;active;true;
MLA919064610;Smart Tv Bgh B3219k5 Led Hd 32  220v;192769857;new;46999;ARS;50;2021-05-04T12:14:32.000Z;new;active;true;
MLA1153631127;Smart Tv 32 Philips Android Hd 32phd6917/77 110-240v;179274188;new;52999;ARS;5;2022-08-16T20:06:54.000Z;new;active;true;
MLA1148933326;Smart Tv Tcl 32 Hd 32s61e Android Tv;109569068;new;58298.9;ARS;25;2022-07-30T12:54:08.000Z;new;active;true;
MLA1133934374;Smart Tv Noblex Dm50x7550 Led 4k 50  220v;147257166;new;101905;ARS;50;2022-04-26T13:45:05.000Z;new;active;true;
MLA1148928713;Smart Tv Tcl L50p615 50   4k Uhd Android Tv ;86356879;new;109999;ARS;0;2022-07-29T19:50:47.000Z;new;active;true;
MLA1147529547;Smart Tv Samsung Series 6 Qn55q60aagczb Qled 4k 55  220v - 240v;608846165;new;219999;ARS;50;2022-07-20T14:32:51.000Z;new;active;true;
MLA1128777459;Smart Tv Philips 7000 Series 55pud7406/77 Led 4k 55  110v/240v;131846678;new;117919;ARS;100;2022-03-22T21:24:00.000Z;new;active;true;
MLA1150817091;Smart Tv Tcl L40s66e 40  Full Hd Android Tv;256263226;new;69999;ARS;5;2022-08-09T20:17:56.000Z;new;active;true;
MLA1147940318;Smart Tv Philips 43 Android Fhd Blanco 43pfd6927/77 110v-240v;608846165;new;87999;ARS;500;2022-07-22T21:26:51.000Z;new;active;true;
MLA1147374382;Smart Tv Noblex Dk32x5050pi Led Hd 32'';256324891;new;54999;ARS;500;2022-07-19T13:24:35.000Z;new;active;true;
MLA1158191088;Smart Tv Noblex Dk43x5150pi Led Full Hd 43'';9877009;new;75099;ARS;25;2022-08-25T17:48:43.000Z;new;active;true;
MLA1120210829;Smart Tv LG Ai Thinq 50up7750psb Lcd 4k 50  100v/240v;140884116;new;119490;ARS;5;2022-01-21T17:33:36.000Z;new;active;true;
MLA1183056726;Smart Tv Tcl P725-series 55p725 Dled 4k 55  100v/240v;243450833;new;121999;ARS;5;2022-10-03T13:22:01.000Z;new;active;true;
MLA929615838;Smart Tv Noblex Dm43x7100 Led Full Hd 43  220v;192260522;new;79999;ARS;200;2021-07-15T18:42:14.000Z;new;active;true;
MLA1150190526;Smart Tv Philips 65pud7906/77 Led 4k 65  110v/240v;608846165;new;236999;ARS;100;2022-08-05T17:54:24.000Z;new;active;true;
MLA1108701658;Smart Tv Bgh B4321fh5a Led Full Hd 43;608846165;new;79999;ARS;500;2021-10-19T13:31:51.000Z;new;active;true;
MLA1148097342;Smart Tv Philips 43 4k Uhd Android  Pud7407/77 110v-240v;608846165;new;99999;ARS;250;2022-07-25T12:43:25.000Z;new;active;true;
MLA923105790;Smart Tv Samsung Un32t4300agxzd Led Hd 32 ;452287402;new;66999;ARS;250;2021-05-31T01:55:30.000Z;new;active;true;
MLA1172982626;Smart Tv Noblex Dk32x5000 Led Hd 32  220v;1143513674;new;46533;ARS;25;2022-09-21T16:13:30.000Z;new;active;true;
MLA1142711733;Smart Tv LG Ai Thinq 43up7750psb Lcd 4k 43  100v/240v;179579764;new;99999;ARS;5;2022-06-15T20:14:15.000Z;new;active;true;
MLA1143129932;Smart Tv Philco 91pld39hs21chpi Led 3d Hd 39  220v;147257166;new;74728;ARS;5;2022-06-18T15:02:22.000Z;new;active;true;
MLA1188039405;Smart Tv Sansei Tds2250uipi Led 4k 50 ;256324891;new;89999;ARS;250;2022-10-08T16:21:08.000Z;new;active;true;
MLA895832806;Smart Tv Noblex 91dm32x7000pi Led Hd 32  220v;256263226;new;48499;ARS;250;2020-11-05T10:14:28.000Z;new;active;true;
MLA1141180967;Smart Tv Hitachi Cdh-le504ksmart21-f Led 4k 50  220v;109569068;new;129499;ARS;5;2022-06-07T11:55:53.000Z;new;active;true;
MLA1150881776;Smart Tv Rca 40 Led Full Hd Android Netflix Youtube 110/240v;167571601;new;74849;ARS;25;2022-08-10T03:18:44.000Z;new;active;true;
MLA1188058728;Smart Tv Sansei Tds2232hipi Led Hd 32'';256324891;new;54999;ARS;3;2022-10-08T16:20:31.000Z;new;active;true;
MLA1160870206;Smart Tv Samsung Series 7 Qn65q70aagczb Qled 4k 65  220v - 240v;61852079;new;364990;ARS;0;2022-08-31T13:50:24.000Z;new;active;true;
MLA1181850547;Smart Tv Hyundai Hyled-32hd5 Hd 32  220v;243450833;new;54999;ARS;0;2022-09-30T18:32:54.000Z;new;active;true;
MLA1147876880;Smart Tv Quint Frameless Qt1-43frameless Led Full Hd 43 ;287440338;new;79199;ARS;5;2022-07-22T13:48:23.000Z;new;active;true;
MLA1119143303;Smart Tv LG Ai Thinq 55nano80spa Led 4k 55  100v/240v;109569068;new;234999;ARS;2;2022-01-12T14:45:47.000Z;new;active;true;
MLA1163972335;Smart Tv Rca S32and Hd 32  220v - 240v;1005407052;new;51989;ARS;5;2022-09-07T13:26:02.000Z;new;active;true;
MLA1131768415;Smart Tv Tcl S65a-series L40s65a Led Full Hd 40  100v/240v;185702920;new;69678.96;ARS;200;2022-04-12T00:36:54.000Z;new;active;true;
MLA1187478584;Smart Tv Noblex Dr32x7000pi Led Hd 32'' Con Android Tv;256324891;new;45499;ARS;250;2022-10-08T16:21:37.000Z;new;active;true;
MLA1109741535;Smart Tv Samsung Series 7 Un50au7000gczb Led 4k 50  220v - 240v;608846165;new;139999;ARS;5000;2021-10-26T03:03:21.000Z;new;active;true;
MLA897125848;Smart Tv LG Ai Thinq 43lm6350psb Led Full Hd 43  220v;131846678;new;92499;ARS;150;2020-11-13T21:46:55.000Z;new;active;true;
MLA1127851776;Smart Tv Philips 6800 Series 43pfd6825/77 Led Full Hd 43  110v/240v;323800888;new;74489;ARS;250;2022-03-16T14:19:38.000Z;new;active;true;
MLA1148941757;Smart Tv Samsung Series 7 Un55au7000gczb Led 4k 55  220v - 240v;608846165;new;169999;ARS;250;2022-07-29T20:13:26.000Z;new;active;true;
MLA1201281697;Smart Tv Rca C39and Led 39  100v/240v;243450833;new;56999;ARS;5;2022-10-19T13:09:38.000Z;new;active;true;
MLA1110426667;Smart Tv Philips 6800 Series 32phd6825/77 Led Hd 32  110v/240v;184616888;new;49608.94;ARS;25;2021-10-30T18:37:40.000Z;new;active;true;
MLA1149132312;Smart Tv Philips 6900 Series 43pfd6917/77 Led Full Hd 43  110v/240v;608846165;new;84999;ARS;500;2022-08-01T16:14:59.000Z;new;active;true;
MLA1147516524;Smart Tv Samsung Series 7 Un65au7000gczb Led 4k 65  220v - 240v;608846165;new;241999;ARS;250;2022-07-20T14:32:52.000Z;new;active;true;
MLA1135652074;Smart Tv Noblex Dk55x6500 Led 4k 55;147257166;new;124027;ARS;25;2022-05-05T14:30:09.000Z;new;active;true;
MLA1178587552;Smart Tv Bgh 32 Pne040257 Hd Led 100-240v;207319479;new;44660;ARS;5;2022-09-27T11:37:15.000Z;new;active;true;
MLA904833049;Smart Tv Samsung Series 5 Un43t5300agczb Led Full Hd 43  220v - 240v;608846165;new;99999;ARS;5000;2021-01-19T17:47:13.000Z;new;active;true;
MLA1166849945;Smart Tv Samsung Series 4 Un32t4300agczb Led Hd 32  220v - 240v;243450833;new;64999;ARS;5;2022-09-12T14:32:52.000Z;new;paused;true;
MLA1155282500;Smart Tv Tcl P725-series L50p725 Led 4k 50  220v - 240v;288753228;new;129999;ARS;5;2022-08-19T19:02:06.000Z;new;active;true;
MLA1185975197;Smart Tv Philips 7000 Series 50pud7406/77 Led 4k 50  110v/240v;207319479;new;104600;ARS;3;2022-10-06T17:19:48.000Z;new;active;true;
MLA1148402374;Smart Tv Tedge Teled-42fhd6 42  Led Full Hd 220v Youtube Netflix;417972986;new;65999;ARS;500;2022-07-26T13:01:43.000Z;new;active;true;
MLA1149169085;Smart Tv Bgh Led Uhd 4k Android Pne040263 220v;608846165;new;117999;ARS;500;2022-08-01T12:49:30.000Z;new;active;true;
MLA1109813451;Smart Tv Samsung Series 7 Un43au7000gczb Led 4k 43  220v - 240v;608846165;new;114999;ARS;500;2021-10-26T07:38:14.000Z;new;active;true;
MLA919064610;Smart Tv Bgh B3219k5 Led Hd 32  220v;192769857;new;46999;ARS;50;2021-05-04T12:14:32.000Z;new;active;true;
MLA1153631127;Smart Tv 32 Philips Android Hd 32phd6917/77 110-240v;179274188;new;52999;ARS;5;2022-08-16T20:06:54.000Z;new;active;true;
MLA1148933326;Smart Tv Tcl 32 Hd 32s61e Android Tv;109569068;new;58298.9;ARS;25;2022-07-30T12:54:08.000Z;new;active;true;
MLA1133934374;Smart Tv Noblex Dm50x7550 Led 4k 50  220v;147257166;new;101905;ARS;50;2022-04-26T13:45:05.000Z;new;active;true;
MLA1148928713;Smart Tv Tcl L50p615 50   4k Uhd Android Tv ;86356879;new;109999;ARS;0;2022-07-29T19:50:47.000Z;new;active;true;
MLA1147529547;Smart Tv Samsung Series 6 Qn55q60aagczb Qled 4k 55  220v - 240v;608846165;new;219999;ARS;50;2022-07-20T14:32:51.000Z;new;active;true;
MLA1128777459;Smart Tv Philips 7000 Series 55pud7406/77 Led 4k 55  110v/240v;131846678;new;117919;ARS;100;2022-03-22T21:24:00.000Z;new;active;true;
MLA1150817091;Smart Tv Tcl L40s66e 40  Full Hd Android Tv;256263226;new;69999;ARS;5;2022-08-09T20:17:56.000Z;new;active;true;
MLA1147940318;Smart Tv Philips 43 Android Fhd Blanco 43pfd6927/77 110v-240v;608846165;new;87999;ARS;500;2022-07-22T21:26:51.000Z;new;active;true;
MLA1147374382;Smart Tv Noblex Dk32x5050pi Led Hd 32'';256324891;new;54999;ARS;500;2022-07-19T13:24:35.000Z;new;active;true;
MLA1158191088;Smart Tv Noblex Dk43x5150pi Led Full Hd 43'';9877009;new;75099;ARS;25;2022-08-25T17:48:43.000Z;new;active;true;
MLA1120210829;Smart Tv LG Ai Thinq 50up7750psb Lcd 4k 50  100v/240v;140884116;new;119490;ARS;5;2022-01-21T17:33:36.000Z;new;active;true;
MLA1183056726;Smart Tv Tcl P725-series 55p725 Dled 4k 55  100v/240v;243450833;new;121999;ARS;5;2022-10-03T13:22:01.000Z;new;active;true;
MLA929615838;Smart Tv Noblex Dm43x7100 Led Full Hd 43  220v;192260522;new;79999;ARS;200;2021-07-15T18:42:14.000Z;new;active;true;
MLA1150190526;Smart Tv Philips 65pud7906/77 Led 4k 65  110v/240v;608846165;new;236999;ARS;100;2022-08-05T17:54:24.000Z;new;active;true;
MLA1108701658;Smart Tv Bgh B4321fh5a Led Full Hd 43;608846165;new;79999;ARS;500;2021-10-19T13:31:51.000Z;new;active;true;
MLA1148097342;Smart Tv Philips 43 4k Uhd Android  Pud7407/77 110v-240v;608846165;new;99999;ARS;250;2022-07-25T12:43:25.000Z;new;active;true;
MLA923105790;Smart Tv Samsung Un32t4300agxzd Led Hd 32 ;452287402;new;66999;ARS;250;2021-05-31T01:55:30.000Z;new;active;true;
MLA1172982626;Smart Tv Noblex Dk32x5000 Led Hd 32  220v;1143513674;new;46533;ARS;25;2022-09-21T16:13:30.000Z;new;active;true;
MLA1142711733;Smart Tv LG Ai Thinq 43up7750psb Lcd 4k 43  100v/240v;179579764;new;99999;ARS;5;2022-06-15T20:14:15.000Z;new;active;true;
MLA1143129932;Smart Tv Philco 91pld39hs21chpi Led 3d Hd 39  220v;147257166;new;74728;ARS;5;2022-06-18T15:02:22.000Z;new;active;true;
MLA1188039405;Smart Tv Sansei Tds2250uipi Led 4k 50 ;256324891;new;89999;ARS;250;2022-10-08T16:21:08.000Z;new;active;true;
MLA895832806;Smart Tv Noblex 91dm32x7000pi Led Hd 32  220v;256263226;new;48499;ARS;250;2020-11-05T10:14:28.000Z;new;active;true;
MLA1141180967;Smart Tv Hitachi Cdh-le504ksmart21-f Led 4k 50  220v;109569068;new;129499;ARS;5;2022-06-07T11:55:53.000Z;new;active;true;
MLA1150881776;Smart Tv Rca 40 Led Full Hd Android Netflix Youtube 110/240v;167571601;new;74849;ARS;25;2022-08-10T03:18:44.000Z;new;active;true;
MLA1188058728;Smart Tv Sansei Tds2232hipi Led Hd 32'';256324891;new;54999;ARS;3;2022-10-08T16:20:31.000Z;new;active;true;
MLA1160870206;Smart Tv Samsung Series 7 Qn65q70aagczb Qled 4k 65  220v - 240v;61852079;new;364990;ARS;0;2022-08-31T13:50:24.000Z;new;active;true;
MLA1181850547;Smart Tv Hyundai Hyled-32hd5 Hd 32  220v;243450833;new;54999;ARS;0;2022-09-30T18:32:54.000Z;new;active;true;
MLA1147876880;Smart Tv Quint Frameless Qt1-43frameless Led Full Hd 43 ;287440338;new;79199;ARS;5;2022-07-22T13:48:23.000Z;new;active;true;
MLA1119143303;Smart Tv LG Ai Thinq 55nano80spa Led 4k 55  100v/240v;109569068;new;234999;ARS;2;2022-01-12T14:45:47.000Z;new;active;true;
MLA1163972335;Smart Tv Rca S32and Hd 32  220v - 240v;1005407052;new;51989;ARS;5;2022-09-07T13:26:02.000Z;new;active;true;
MLA1131768415;Smart Tv Tcl S65a-series L40s65a Led Full Hd 40  100v/240v;185702920;new;69678.96;ARS;200;2022-04-12T00:36:54.000Z;new;active;true;
MLA1187478584;Smart Tv Noblex Dr32x7000pi Led Hd 32'' Con Android Tv;256324891;new;45499;ARS;250;2022-10-08T16:21:37.000Z;new;active;true;
MLA1109741535;Smart Tv Samsung Series 7 Un50au7000gczb Led 4k 50  220v - 240v;608846165;new;139999;ARS;5000;2021-10-26T03:03:21.000Z;new;active;true;
MLA897125848;Smart Tv LG Ai Thinq 43lm6350psb Led Full Hd 43  220v;131846678;new;92499;ARS;150;2020-11-13T21:46:55.000Z;new;active;true;
MLA1127851776;Smart Tv Philips 6800 Series 43pfd6825/77 Led Full Hd 43  110v/240v;323800888;new;74489;ARS;250;2022-03-16T14:19:38.000Z;new;active;true;
MLA1148941757;Smart Tv Samsung Series 7 Un55au7000gczb Led 4k 55  220v - 240v;608846165;new;169999;ARS;250;2022-07-29T20:13:26.000Z;new;active;true;
MLA1201281697;Smart Tv Rca C39and Led 39  100v/240v;243450833;new;56999;ARS;5;2022-10-19T13:09:38.000Z;new;active;true;
MLA1110426667;Smart Tv Philips 6800 Series 32phd6825/77 Led Hd 32  110v/240v;184616888;new;49608.94;ARS;25;2021-10-30T18:37:40.000Z;new;active;true;
MLA1149132312;Smart Tv Philips 6900 Series 43pfd6917/77 Led Full Hd 43  110v/240v;608846165;new;84999;ARS;500;2022-08-01T16:14:59.000Z;new;active;true;
MLA1147516524;Smart Tv Samsung Series 7 Un65au7000gczb Led 4k 65  220v - 240v;608846165;new;241999;ARS;250;2022-07-20T14:32:52.000Z;new;active;true;
MLA1135652074;Smart Tv Noblex Dk55x6500 Led 4k 55;147257166;new;124027;ARS;25;2022-05-05T14:30:09.000Z;new;active;true;
MLA1178587552;Smart Tv Bgh 32 Pne040257 Hd Led 100-240v;207319479;new;44660;ARS;5;2022-09-27T11:37:15.000Z;new;active;true;
MLA904833049;Smart Tv Samsung Series 5 Un43t5300agczb Led Full Hd 43  220v - 240v;608846165;new;99999;ARS;5000;2021-01-19T17:47:13.000Z;new;active;true;
MLA1166849945;Smart Tv Samsung Series 4 Un32t4300agczb Led Hd 32  220v - 240v;243450833;new;64999;ARS;5;2022-09-12T14:32:52.000Z;new;paused;true;
MLA1155282500;Smart Tv Tcl P725-series L50p725 Led 4k 50  220v - 240v;288753228;new;129999;ARS;5;2022-08-19T19:02:06.000Z;new;active;true;
MLA1185975197;Smart Tv Philips 7000 Series 50pud7406/77 Led 4k 50  110v/240v;207319479;new;104600;ARS;3;2022-10-06T17:19:48.000Z;new;active;true;
MLA1148402374;Smart Tv Tedge Teled-42fhd6 42  Led Full Hd 220v Youtube Netflix;417972986;new;65999;ARS;500;2022-07-26T13:01:43.000Z;new;active;true;
MLA1149169085;Smart Tv Bgh Led Uhd 4k Android Pne040263 220v;608846165;new;117999;ARS;500;2022-08-01T12:49:30.000Z;new;active;true;
MLA1109813451;Smart Tv Samsung Series 7 Un43au7000gczb Led 4k 43  220v - 240v;608846165;new;114999;ARS;500;2021-10-26T07:38:14.000Z;new;active;true;
MLA919064610;Smart Tv Bgh B3219k5 Led Hd 32  220v;192769857;new;46999;ARS;50;2021-05-04T12:14:32.000Z;new;active;true;
MLA1153631127;Smart Tv 32 Philips Android Hd 32phd6917/77 110-240v;179274188;new;52999;ARS;5;2022-08-16T20:06:54.000Z;new;active;true;
MLA1148933326;Smart Tv Tcl 32 Hd 32s61e Android Tv;109569068;new;58298.9;ARS;25;2022-07-30T12:54:08.000Z;new;active;true;
MLA1133934374;Smart Tv Noblex Dm50x7550 Led 4k 50  220v;147257166;new;101905;ARS;50;2022-04-26T13:45:05.000Z;new;active;true;
MLA1148928713;Smart Tv Tcl L50p615 50   4k Uhd Android Tv ;86356879;new;109999;ARS;0;2022-07-29T19:50:47.000Z;new;active;true;
MLA1147529547;Smart Tv Samsung Series 6 Qn55q60aagczb Qled 4k 55  220v - 240v;608846165;new;219999;ARS;50;2022-07-20T14:32:51.000Z;new;active;true;
MLA1128777459;Smart Tv Philips 7000 Series 55pud7406/77 Led 4k 55  110v/240v;131846678;new;117919;ARS;100;2022-03-22T21:24:00.000Z;new;active;true;
MLA1150817091;Smart Tv Tcl L40s66e 40  Full Hd Android Tv;256263226;new;69999;ARS;5;2022-08-09T20:17:56.000Z;new;active;true;
MLA1147940318;Smart Tv Philips 43 Android Fhd Blanco 43pfd6927/77 110v-240v;608846165;new;87999;ARS;500;2022-07-22T21:26:51.000Z;new;active;true;
MLA1147374382;Smart Tv Noblex Dk32x5050pi Led Hd 32'';256324891;new;54999;ARS;500;2022-07-19T13:24:35.000Z;new;active;true;
MLA1158191088;Smart Tv Noblex Dk43x5150pi Led Full Hd 43'';9877009;new;75099;ARS;25;2022-08-25T17:48:43.000Z;new;active;true;
MLA1120210829;Smart Tv LG Ai Thinq 50up7750psb Lcd 4k 50  100v/240v;140884116;new;119490;ARS;5;2022-01-21T17:33:36.000Z;new;active;true;
MLA1183056726;Smart Tv Tcl P725-series 55p725 Dled 4k 55  100v/240v;243450833;new;121999;ARS;5;2022-10-03T13:22:01.000Z;new;active;true;
MLA929615838;Smart Tv Noblex Dm43x7100 Led Full Hd 43  220v;192260522;new;79999;ARS;200;2021-07-15T18:42:14.000Z;new;active;true;
MLA1150190526;Smart Tv Philips 65pud7906/77 Led 4k 65  110v/240v;608846165;new;236999;ARS;100;2022-08-05T17:54:24.000Z;new;active;true;
MLA1108701658;Smart Tv Bgh B4321fh5a Led Full Hd 43;608846165;new;79999;ARS;500;2021-10-19T13:31:51.000Z;new;active;true;
MLA1148097342;Smart Tv Philips 43 4k Uhd Android  Pud7407/77 110v-240v;608846165;new;99999;ARS;250;2022-07-25T12:43:25.000Z;new;active;true;
MLA923105790;Smart Tv Samsung Un32t4300agxzd Led Hd 32 ;452287402;new;66999;ARS;250;2021-05-31T01:55:30.000Z;new;active;true;
MLA1172982626;Smart Tv Noblex Dk32x5000 Led Hd 32  220v;1143513674;new;46533;ARS;25;2022-09-21T16:13:30.000Z;new;active;true;
MLA1142711733;Smart Tv LG Ai Thinq 43up7750psb Lcd 4k 43  100v/240v;179579764;new;99999;ARS;5;2022-06-15T20:14:15.000Z;new;active;true;
MLA1143129932;Smart Tv Philco 91pld39hs21chpi Led 3d Hd 39  220v;147257166;new;74728;ARS;5;2022-06-18T15:02:22.000Z;new;active;true;
MLA1188039405;Smart Tv Sansei Tds2250uipi Led 4k 50 ;256324891;new;89999;ARS;250;2022-10-08T16:21:08.000Z;new;active;true;
MLA895832806;Smart Tv Noblex 91dm32x7000pi Led Hd 32  220v;256263226;new;48499;ARS;250;2020-11-05T10:14:28.000Z;new;active;true;
MLA1141180967;Smart Tv Hitachi Cdh-le504ksmart21-f Led 4k 50  220v;109569068;new;129499;ARS;5;2022-06-07T11:55:53.000Z;new;active;true;
MLA1150881776;Smart Tv Rca 40 Led Full Hd Android Netflix Youtube 110/240v;167571601;new;74849;ARS;25;2022-08-10T03:18:44.000Z;new;active;true;
MLA1188058728;Smart Tv Sansei Tds2232hipi Led Hd 32'';256324891;new;54999;ARS;3;2022-10-08T16:20:31.000Z;new;active;true;
MLA1160870206;Smart Tv Samsung Series 7 Qn65q70aagczb Qled 4k 65  220v - 240v;61852079;new;364990;ARS;0;2022-08-31T13:50:24.000Z;new;active;true;
MLA1181850547;Smart Tv Hyundai Hyled-32hd5 Hd 32  220v;243450833;new;54999;ARS;0;2022-09-30T18:32:54.000Z;new;active;true;
MLA1147876880;Smart Tv Quint Frameless Qt1-43frameless Led Full Hd 43 ;287440338;new;79199;ARS;5;2022-07-22T13:48:23.000Z;new;active;true;
MLA1119143303;Smart Tv LG Ai Thinq 55nano80spa Led 4k 55  100v/240v;109569068;new;234999;ARS;2;2022-01-12T14:45:47.000Z;new;active;true;
MLA1163972335;Smart Tv Rca S32and Hd 32  220v - 240v;1005407052;new;51989;ARS;5;2022-09-07T13:26:02.000Z;new;active;true;
MLA1131768415;Smart Tv Tcl S65a-series L40s65a Led Full Hd 40  100v/240v;185702920;new;69678.96;ARS;200;2022-04-12T00:36:54.000Z;new;active;true;
MLA1187478584;Smart Tv Noblex Dr32x7000pi Led Hd 32'' Con Android Tv;256324891;new;45499;ARS;250;2022-10-08T16:21:37.000Z;new;active;true;
MLA1109741535;Smart Tv Samsung Series 7 Un50au7000gczb Led 4k 50  220v - 240v;608846165;new;139999;ARS;5000;2021-10-26T03:03:21.000Z;new;active;true;
MLA897125848;Smart Tv LG Ai Thinq 43lm6350psb Led Full Hd 43  220v;131846678;new;92499;ARS;150;2020-11-13T21:46:55.000Z;new;active;true;
MLA1127851776;Smart Tv Philips 6800 Series 43pfd6825/77 Led Full Hd 43  110v/240v;323800888;new;74489;ARS;250;2022-03-16T14:19:38.000Z;new;active;true;
MLA1148941757;Smart Tv Samsung Series 7 Un55au7000gczb Led 4k 55  220v - 240v;608846165;new;169999;ARS;250;2022-07-29T20:13:26.000Z;new;active;true;
MLA1201281697;Smart Tv Rca C39and Led 39  100v/240v;243450833;new;56999;ARS;5;2022-10-19T13:09:38.000Z;new;active;true;
MLA1110426667;Smart Tv Philips 6800 Series 32phd6825/77 Led Hd 32  110v/240v;184616888;new;49608.94;ARS;25;2021-10-30T18:37:40.000Z;new;active;true;
MLA1149132312;Smart Tv Philips 6900 Series 43pfd6917/77 Led Full Hd 43  110v/240v;608846165;new;84999;ARS;500;2022-08-01T16:14:59.000Z;new;active;true;
MLA1147516524;Smart Tv Samsung Series 7 Un65au7000gczb Led 4k 65  220v - 240v;608846165;new;241999;ARS;250;2022-07-20T14:32:52.000Z;new;active;true;
MLA1135652074;Smart Tv Noblex Dk55x6500 Led 4k 55;147257166;new;124027;ARS;25;2022-05-05T14:30:09.000Z;new;active;true;
MLA1178587552;Smart Tv Bgh 32 Pne040257 Hd Led 100-240v;207319479;new;44660;ARS;5;2022-09-27T11:37:15.000Z;new;active;true;
MLA904833049;Smart Tv Samsung Series 5 Un43t5300agczb Led Full Hd 43  220v - 240v;608846165;new;99999;ARS;5000;2021-01-19T17:47:13.000Z;new;active;true;
MLA1166849945;Smart Tv Samsung Series 4 Un32t4300agczb Led Hd 32  220v - 240v;243450833;new;64999;ARS;5;2022-09-12T14:32:52.000Z;new;paused;true;
MLA1155282500;Smart Tv Tcl P725-series L50p725 Led 4k 50  220v - 240v;288753228;new;129999;ARS;5;2022-08-19T19:02:06.000Z;new;active;true;
MLA1185975197;Smart Tv Philips 7000 Series 50pud7406/77 Led 4k 50  110v/240v;207319479;new;104600;ARS;3;2022-10-06T17:19:48.000Z;new;active;true;
MLA1148402374;Smart Tv Tedge Teled-42fhd6 42  Led Full Hd 220v Youtube Netflix;417972986;new;65999;ARS;500;2022-07-26T13:01:43.000Z;new;active;true;
MLA1149169085;Smart Tv Bgh Led Uhd 4k Android Pne040263 220v;608846165;new;117999;ARS;500;2022-08-01T12:49:30.000Z;new;active;true;
MLA1109813451;Smart Tv Samsung Series 7 Un43au7000gczb Led 4k 43  220v - 240v;608846165;new;114999;ARS;500;2021-10-26T07:38:14.000Z;new;active;true;
MLA919064610;Smart Tv Bgh B3219k5 Led Hd 32  220v;192769857;new;46999;ARS;50;2021-05-04T12:14:32.000Z;new;active;true;
MLA1153631127;Smart Tv 32 Philips Android Hd 32phd6917/77 110-240v;179274188;new;52999;ARS;5;2022-08-16T20:06:54.000Z;new;active;true;
MLA1148933326;Smart Tv Tcl 32 Hd 32s61e Android Tv;109569068;new;58298.9;ARS;25;2022-07-30T12:54:08.000Z;new;active;true;
MLA1133934374;Smart Tv Noblex Dm50x7550 Led 4k 50  220v;147257166;new;101905;ARS;50;2022-04-26T13:45:05.000Z;new;active;true;
MLA1148928713;Smart Tv Tcl L50p615 50   4k Uhd Android Tv ;86356879;new;109999;ARS;0;2022-07-29T19:50:47.000Z;new;active;true;
MLA1147529547;Smart Tv Samsung Series 6 Qn55q60aagczb Qled 4k 55  220v - 240v;608846165;new;219999;ARS;50;2022-07-20T14:32:51.000Z;new;active;true;
MLA1128777459;Smart Tv Philips 7000 Series 55pud7406/77 Led 4k 55  110v/240v;131846678;new;117919;ARS;100;2022-03-22T21:24:00.000Z;new;active;true;
MLA1150817091;Smart Tv Tcl L40s66e 40  Full Hd Android Tv;256263226;new;69999;ARS;5;2022-08-09T20:17:56.000Z;new;active;true;
MLA1147940318;Smart Tv Philips 43 Android Fhd Blanco 43pfd6927/77 110v-240v;608846165;new;87999;ARS;500;2022-07-22T21:26:51.000Z;new;active;true;
MLA1147374382;Smart Tv Noblex Dk32x5050pi Led Hd 32'';256324891;new;54999;ARS;500;2022-07-19T13:24:35.000Z;new;active;true;
MLA1158191088;Smart Tv Noblex Dk43x5150pi Led Full Hd 43'';9877009;new;75099;ARS;25;2022-08-25T17:48:43.000Z;new;active;true;
MLA1120210829;Smart Tv LG Ai Thinq 50up7750psb Lcd 4k 50  100v/240v;140884116;new;119490;ARS;5;2022-01-21T17:33:36.000Z;new;active;true;
MLA1120183879;Smart Monitor M5 27  Fhd Con Smart Tv Apps Y Conectividad Wireless;544720810;new;95800;ARS;0;2022-01-21T15:31:22.000Z;new;active;true;
MLA756521943;Soporte Para Mac Mini Tv Monitor Apple Accesorio 3d Capital;108143366;new;1499;ARS;5;2018-11-03T16:35:42.000Z;new;active;true;
MLA829331806;Soporte Pared Y Vesa 75-100mm Apple Mac Mini Tv;64130989;new;799;ARS;4;2019-12-07T22:03:34.000Z;new;active;true;
MLA829331255;Soporte Vesa 100mm Y Pared Del Apple Mac Mini Tv Encastrable;64130989;new;539;ARS;1;2019-12-07T21:56:45.000Z;new;active;true;
MLA1185974829;Monitor Gamer Philips V 241v8l/55 Lcd 24  Negro 100v/240v;98254148;new;48709;ARS;1;2022-10-06T16:55:35.000Z;new;active;true;
MLA901419519;Cable Adaptador Usb C A Hdmi Notebook Mac Celular Tv Vention;188368799;new;3259.11;ARS;50;2020-12-17T14:40:24.000Z;new;active;true;
MLA1157209105;Control Remoto Apple Original A1156 Apple Tv, iPod, Mac;711116846;new;6500;ARS;0;2022-08-24T10:45:30.000Z;new;active;true;
MLA923230505;Pendrive Kingston Data Trab. Exodia 128gb Usb 3.2 Dtx/128gb;45370945;new;3999;ARS;250;2021-05-31T18:50:16.000Z;new;active;true;
MLA654467950;Conversor Convertidor Hdmi A Vga Con Audio - Ps4 Mac Tucuman;182319173;new;2400;ARS;5;2017-02-16T13:58:06.000Z;new;active;true;
MLA934242996;Pendrive Kingston 64gb Usb;16963940;new;2199.12;ARS;250;2021-08-13T18:46:25.000Z;new;active;true;
MLA1110004536;Smart Monitor Samsung M5 27 Wifi Bluetooth Parlantes Tv Apps;78024526;new;111999.2;ARS;5;2021-10-27T22:57:31.000Z;new;active;true;
MLA926272039;Disco Rígido Hdd Externo Seagate 1tb Usb 3.0 + Funda Cuero;184241184;new;12999;ARS;5;2021-06-18T20:38:41.000Z;new;active;true;
MLA1103557045;Pendrive Kingston 32gb Usb;16963940;new;1999;ARS;500;2021-09-16T14:54:14.000Z;new;active;true;
MLA1120022699;Pendrive Sandisk 32gb Rosa Usb;16963940;new;1799;ARS;5;2022-01-19T21:39:24.000Z;new;active;true;
MLA1144576183;Monitor Philips Plano 24 Full Hd 75 Hz 241v8l/55 Va Lcd;211743527;new;49799;ARS;2;2022-06-28T15:16:54.000Z;new;active;true;
MLA870156646;Soporte Para Apple Mac Mini Vesa Tv Monitor O Pared;46845970;new;1549.99;ARS;30;2020-07-25T21:54:16.000Z;new;active;true;
MLA1120209719;Samsung M5 27  Fhd Con Smart Tv Apps Y Conectividad Wireless;544720810;new;95800;ARS;3;2022-01-21T15:31:22.000Z;new;active;true;
MLA1156355038;Soporte Para Mac Mini Vesa 70/100 Tv Monitor Nextsale Munro;16962390;new;3490;ARS;3;2022-08-23T00:44:13.000Z;new;active;true;
MLA1110264794;Pendrive Kingston 128gb Usb;16963940;new;4999;ARS;5;2021-10-29T12:41:54.000Z;new;active;true;
MLA1113669889;Mouse Inalambrico Gamer Escritorio Pc / Smart - Z/ Oeste;449047049;new;1298;ARS;3;2021-11-25T05:40:38.000Z;new;active;true;
MLA853540661;Cable Minidp Display Port Macho A Hdmi Hembra Tvhd Mac Pc;243488452;new;3314.4;ARS;5;2020-05-05T23:54:05.000Z;new;active;true;
MLA1110029369;Smart Monitor Samsung M5 27 Wifi Bluetooth Parlantes Tv Apps;78024526;new;141391.2;ARS;4;2021-10-27T23:00:37.000Z;new;active;true;
MLA930120143;Cable 1.8m Display Port A Displayport 4k V1.2 Tv Mac Ns Htec;21884494;new;8288.43;ARS;5;2021-07-19T20:52:46.000Z;new;active;true;
MLA1110016457;Smart Monitor Samsung M5 27 Wifi Bluetooth Parlantes Tv Apps;78024526;new;159487.2;ARS;0;2021-10-27T23:03:44.000Z;new;active;true;
MLA1142473893;Monitor Samsung Smart M5 27  Fhd Multifuncional Smart Tv App;189347848;new;113898;ARS;0;2022-06-14T12:02:14.000Z;new;active;true;
MLA1156323377;Soporte Para Mac Mini Vesa 70/100 Tv Monitor Nextsale Munro;738783679;new;3490;ARS;0;2022-08-23T00:47:12.000Z;new;active;true;
MLA886791768;Mouse Inalambrico 2.4 Ghz. Pc / Mac / Tv ;2014661;new;2455;ARS;1;2020-11-04T18:12:20.000Z;new;active;true;
MLA1113676294;Mouse Inalambrico Escritorio Pc / Smart - Colores - Z/ Oeste;449047049;new;998;ARS;0;2021-11-25T05:06:25.000Z;new;active;true;
MLA1150622857;Pendrive Kingston 64gb Metalico Usb;16963940;new;3499;ARS;0;2022-08-08T21:36:25.000Z;new;active;true;
MLA918410313;Cable 5mts Display Port A Displayport M/m Led Tv Mac Ns Htec;21884494;new;13600.41;ARS;0;2021-04-28T23:13:08.000Z;new;active;true;
MLA899668857;Cable 3mts Display Port A Displayport M/m Led Tv Mac Ns Htec;21884494;new;11880;ARS;5;2020-12-02T16:01:23.000Z;new;active;true;
MLA1150635640;Pendrive Kingston 32gb Metalico Usb;16963940;new;2499;ARS;1;2022-08-08T21:33:54.000Z;new;active;true;
MLA873406260; Proyecto After Effects - Paquete Para Tv;168994202;new;299;ARS;1;2020-08-14T21:39:00.000Z;new;active;true;
MLA1114053409;Mesa De Tv 1.60cm Opcional Luz Led Mac Mebles;62608868;new;22000;ARS;5;2021-11-28T18:25:27.000Z;new;active;true;
MLA1106442387;Mesa De Tv 1.60cm C/luces Opcionales Mac Muebles;62608868;new;22000;ARS;5;2021-10-03T19:12:36.000Z;new;active;true;
MLA1112354154;Estante De Tv Flotante 1.20cm Melamina Mac Muebles;62608868;new;4999;ARS;25;2021-11-14T20:32:21.000Z;new;active;true;
MLA1114060210;Mesa  De Tv 1.60cm Con Alacena Mac Muebles;62608868;new;31000;ARS;1;2021-11-28T19:07:46.000Z;new;active;true;
MLA1114027339;Estante Flotante De Tv 75 Cm Mac Muebles;62608868;new;4999;ARS;2;2021-11-28T02:43:58.000Z;new;active;true;
MLA1144973769;Reparación Pc & Mac Notebook Tv Led Auriculares Parlantes Bt;76714063;null;null;null;0;2022-06-30T18:30:16.000Z;null;active;true;
MLA1106467386;Mesa De Tv 1.60cm Melamina Mac Muebles;62608868;new;19000;ARS;0;2021-10-03T19:37:52.000Z;new;active;true;
MLA1143241715;Mueble De Tv 1.30cm Opcional C/ Luz Led Mac Muebles;62608868;new;20000;ARS;0;2022-06-19T18:17:34.000Z;new;active;true;
MLA1114035967;Mesa De Tv 1.80cm Con Alacena Mac Muebles;62608868;new;34999;ARS;0;2021-11-28T18:55:56.000Z;new;active;true;
MLA1143248281;Mueble De Tv 1.30cm Mac Muebles;62608868;new;20000;ARS;0;2022-06-19T18:40:42.000Z;new;active;true;
MLA770003654;Manual Sobre Produccion De Tv;153015254;new;1000;ARS;0;2019-02-07T13:46:19.000Z;new;active;true;
MLA842719495;Proyecto After Effects - Plantilla Apertura Programa Tv;168994202;new;299;ARS;3;2020-03-07T23:22:41.000Z;new;active;true;
MLA821626476;Adaptador De Display Port Macho A Hdmi Hembra Mac Macbook;149366800;new;4400;ARS;0;2019-10-24T14:39:58.000Z;new;active;true;
MLA913691542;Soporte Para Apple Mac Mini Vesa Tv Monitor O Pared;612274981;new;2480.8;ARS;1;2021-03-27T02:40:21.000Z;new;active;true;
MLA717989824;Quayle Mac Mr Robot 4 (tv O.s.t.)  Usa Import Cd;90270046;new;7020.42;ARS;0;2018-04-11T02:55:31.000Z;new;active;true;
MLA724154278;Mac Gyver 3er Temporada En Dvds Estreno;152196752;new;1249;ARS;2;2018-05-10T18:03:05.000Z;new;active;true;
MLA1149618622;Macgyver  2016 5ta Temporada En Dvds Estreno;152196752;new;1449;ARS;0;2022-08-03T22:06:40.000Z;new;active;true;
MLA1120183879;Smart Monitor M5 27  Fhd Con Smart Tv Apps Y Conectividad Wireless;544720810;new;95800;ARS;0;2022-01-21T15:31:22.000Z;new;active;true;
MLA756521943;Soporte Para Mac Mini Tv Monitor Apple Accesorio 3d Capital;108143366;new;1499;ARS;5;2018-11-03T16:35:42.000Z;new;active;true;
MLA829331806;Soporte Pared Y Vesa 75-100mm Apple Mac Mini Tv;64130989;new;799;ARS;4;2019-12-07T22:03:34.000Z;new;active;true;
MLA829331255;Soporte Vesa 100mm Y Pared Del Apple Mac Mini Tv Encastrable;64130989;new;539;ARS;1;2019-12-07T21:56:45.000Z;new;active;true;
MLA1185974829;Monitor Gamer Philips V 241v8l/55 Lcd 24  Negro 100v/240v;98254148;new;48709;ARS;1;2022-10-06T16:55:35.000Z;new;active;true;
MLA901419519;Cable Adaptador Usb C A Hdmi Notebook Mac Celular Tv Vention;188368799;new;3259.11;ARS;50;2020-12-17T14:40:24.000Z;new;active;true;
MLA1157209105;Control Remoto Apple Original A1156 Apple Tv, iPod, Mac;711116846;new;6500;ARS;0;2022-08-24T10:45:30.000Z;new;active;true;
MLA923230505;Pendrive Kingston Data Trab. Exodia 128gb Usb 3.2 Dtx/128gb;45370945;new;3999;ARS;250;2021-05-31T18:50:16.000Z;new;active;true;
MLA654467950;Conversor Convertidor Hdmi A Vga Con Audio - Ps4 Mac Tucuman;182319173;new;2400;ARS;5;2017-02-16T13:58:06.000Z;new;active;true;
MLA934242996;Pendrive Kingston 64gb Usb;16963940;new;2199.12;ARS;250;2021-08-13T18:46:25.000Z;new;active;true;
MLA1110004536;Smart Monitor Samsung M5 27 Wifi Bluetooth Parlantes Tv Apps;78024526;new;111999.2;ARS;5;2021-10-27T22:57:31.000Z;new;active;true;
MLA926272039;Disco Rígido Hdd Externo Seagate 1tb Usb 3.0 + Funda Cuero;184241184;new;12999;ARS;5;2021-06-18T20:38:41.000Z;new;active;true;
MLA1103557045;Pendrive Kingston 32gb Usb;16963940;new;1999;ARS;500;2021-09-16T14:54:14.000Z;new;active;true;
MLA1120022699;Pendrive Sandisk 32gb Rosa Usb;16963940;new;1799;ARS;5;2022-01-19T21:39:24.000Z;new;active;true;
MLA1144576183;Monitor Philips Plano 24 Full Hd 75 Hz 241v8l/55 Va Lcd;211743527;new;49799;ARS;2;2022-06-28T15:16:54.000Z;new;active;true;
MLA870156646;Soporte Para Apple Mac Mini Vesa Tv Monitor O Pared;46845970;new;1549.99;ARS;30;2020-07-25T21:54:16.000Z;new;active;true;
MLA1120209719;Samsung M5 27  Fhd Con Smart Tv Apps Y Conectividad Wireless;544720810;new;95800;ARS;3;2022-01-21T15:31:22.000Z;new;active;true;
MLA1156355038;Soporte Para Mac Mini Vesa 70/100 Tv Monitor Nextsale Munro;16962390;new;3490;ARS;3;2022-08-23T00:44:13.000Z;new;active;true;
MLA1110264794;Pendrive Kingston 128gb Usb;16963940;new;4999;ARS;5;2021-10-29T12:41:54.000Z;new;active;true;
MLA1113669889;Mouse Inalambrico Gamer Escritorio Pc / Smart - Z/ Oeste;449047049;new;1298;ARS;3;2021-11-25T05:40:38.000Z;new;active;true;
MLA853540661;Cable Minidp Display Port Macho A Hdmi Hembra Tvhd Mac Pc;243488452;new;3314.4;ARS;5;2020-05-05T23:54:05.000Z;new;active;true;
MLA1110029369;Smart Monitor Samsung M5 27 Wifi Bluetooth Parlantes Tv Apps;78024526;new;141391.2;ARS;4;2021-10-27T23:00:37.000Z;new;active;true;
MLA930120143;Cable 1.8m Display Port A Displayport 4k V1.2 Tv Mac Ns Htec;21884494;new;8288.43;ARS;5;2021-07-19T20:52:46.000Z;new;active;true;
MLA1110016457;Smart Monitor Samsung M5 27 Wifi Bluetooth Parlantes Tv Apps;78024526;new;159487.2;ARS;0;2021-10-27T23:03:44.000Z;new;active;true;
MLA1142473893;Monitor Samsung Smart M5 27  Fhd Multifuncional Smart Tv App;189347848;new;113898;ARS;0;2022-06-14T12:02:14.000Z;new;active;true;
MLA1156323377;Soporte Para Mac Mini Vesa 70/100 Tv Monitor Nextsale Munro;738783679;new;3490;ARS;0;2022-08-23T00:47:12.000Z;new;active;true;
MLA886791768;Mouse Inalambrico 2.4 Ghz. Pc / Mac / Tv ;2014661;new;2455;ARS;1;2020-11-04T18:12:20.000Z;new;active;true;
MLA1113676294;Mouse Inalambrico Escritorio Pc / Smart - Colores - Z/ Oeste;449047049;new;998;ARS;0;2021-11-25T05:06:25.000Z;new;active;true;
MLA1150622857;Pendrive Kingston 64gb Metalico Usb;16963940;new;3499;ARS;0;2022-08-08T21:36:25.000Z;new;active;true;
MLA918410313;Cable 5mts Display Port A Displayport M/m Led Tv Mac Ns Htec;21884494;new;13600.41;ARS;0;2021-04-28T23:13:08.000Z;new;active;true;
MLA899668857;Cable 3mts Display Port A Displayport M/m Led Tv Mac Ns Htec;21884494;new;11880;ARS;5;2020-12-02T16:01:23.000Z;new;active;true;
MLA1150635640;Pendrive Kingston 32gb Metalico Usb;16963940;new;2499;ARS;1;2022-08-08T21:33:54.000Z;new;active;true;
MLA873406260; Proyecto After Effects - Paquete Para Tv;168994202;new;299;ARS;1;2020-08-14T21:39:00.000Z;new;active;true;
MLA1114053409;Mesa De Tv 1.60cm Opcional Luz Led Mac Mebles;62608868;new;22000;ARS;5;2021-11-28T18:25:27.000Z;new;active;true;
MLA1106442387;Mesa De Tv 1.60cm C/luces Opcionales Mac Muebles;62608868;new;22000;ARS;5;2021-10-03T19:12:36.000Z;new;active;true;
MLA1112354154;Estante De Tv Flotante 1.20cm Melamina Mac Muebles;62608868;new;4999;ARS;25;2021-11-14T20:32:21.000Z;new;active;true;
MLA1114060210;Mesa  De Tv 1.60cm Con Alacena Mac Muebles;62608868;new;31000;ARS;1;2021-11-28T19:07:46.000Z;new;active;true;
MLA1114027339;Estante Flotante De Tv 75 Cm Mac Muebles;62608868;new;4999;ARS;2;2021-11-28T02:43:58.000Z;new;active;true;
MLA1144973769;Reparación Pc & Mac Notebook Tv Led Auriculares Parlantes Bt;76714063;null;null;null;0;2022-06-30T18:30:16.000Z;null;active;true;
MLA1106467386;Mesa De Tv 1.60cm Melamina Mac Muebles;62608868;new;19000;ARS;0;2021-10-03T19:37:52.000Z;new;active;true;
MLA1143241715;Mueble De Tv 1.30cm Opcional C/ Luz Led Mac Muebles;62608868;new;20000;ARS;0;2022-06-19T18:17:34.000Z;new;active;true;
MLA1114035967;Mesa De Tv 1.80cm Con Alacena Mac Muebles;62608868;new;34999;ARS;0;2021-11-28T18:55:56.000Z;new;active;true;
MLA1143248281;Mueble De Tv 1.30cm Mac Muebles;62608868;new;20000;ARS;0;2022-06-19T18:40:42.000Z;new;active;true;
MLA770003654;Manual Sobre Produccion De Tv;153015254;new;1000;ARS;0;2019-02-07T13:46:19.000Z;new;active;true;
MLA842719495;Proyecto After Effects - Plantilla Apertura Programa Tv;168994202;new;299;ARS;3;2020-03-07T23:22:41.000Z;new;active;true;
MLA821626476;Adaptador De Display Port Macho A Hdmi Hembra Mac Macbook;149366800;new;4400;ARS;0;2019-10-24T14:39:58.000Z;new;active;true;
MLA913691542;Soporte Para Apple Mac Mini Vesa Tv Monitor O Pared;612274981;new;2480.8;ARS;1;2021-03-27T02:40:21.000Z;new;active;true;
MLA717989824;Quayle Mac Mr Robot 4 (tv O.s.t.)  Usa Import Cd;90270046;new;7020.42;ARS;0;2018-04-11T02:55:31.000Z;new;active;true;
MLA724154278;Mac Gyver 3er Temporada En Dvds Estreno;152196752;new;1249;ARS;2;2018-05-10T18:03:05.000Z;new;active;true;
MLA1149618622;Macgyver  2016 5ta Temporada En Dvds Estreno;152196752;new;1449;ARS;0;2022-08-03T22:06:40.000Z;new;active;true;
MLA1120183879;Smart Monitor M5 27  Fhd Con Smart Tv Apps Y Conectividad Wireless;544720810;new;95800;ARS;0;2022-01-21T15:31:22.000Z;new;active;true;
MLA756521943;Soporte Para Mac Mini Tv Monitor Apple Accesorio 3d Capital;108143366;new;1499;ARS;5;2018-11-03T16:35:42.000Z;new;active;true;
MLA829331806;Soporte Pared Y Vesa 75-100mm Apple Mac Mini Tv;64130989;new;799;ARS;4;2019-12-07T22:03:34.000Z;new;active;true;
MLA829331255;Soporte Vesa 100mm Y Pared Del Apple Mac Mini Tv Encastrable;64130989;new;539;ARS;1;2019-12-07T21:56:45.000Z;new;active;true;
MLA1185974829;Monitor Gamer Philips V 241v8l/55 Lcd 24  Negro 100v/240v;98254148;new;48709;ARS;1;2022-10-06T16:55:35.000Z;new;active;true;
MLA901419519;Cable Adaptador Usb C A Hdmi Notebook Mac Celular Tv Vention;188368799;new;3259.11;ARS;50;2020-12-17T14:40:24.000Z;new;active;true;
MLA1157209105;Control Remoto Apple Original A1156 Apple Tv, iPod, Mac;711116846;new;6500;ARS;0;2022-08-24T10:45:30.000Z;new;active;true;
MLA923230505;Pendrive Kingston Data Trab. Exodia 128gb Usb 3.2 Dtx/128gb;45370945;new;3999;ARS;250;2021-05-31T18:50:16.000Z;new;active;true;
MLA654467950;Conversor Convertidor Hdmi A Vga Con Audio - Ps4 Mac Tucuman;182319173;new;2400;ARS;5;2017-02-16T13:58:06.000Z;new;active;true;
MLA934242996;Pendrive Kingston 64gb Usb;16963940;new;2199.12;ARS;250;2021-08-13T18:46:25.000Z;new;active;true;
MLA1110004536;Smart Monitor Samsung M5 27 Wifi Bluetooth Parlantes Tv Apps;78024526;new;111999.2;ARS;5;2021-10-27T22:57:31.000Z;new;active;true;
MLA926272039;Disco Rígido Hdd Externo Seagate 1tb Usb 3.0 + Funda Cuero;184241184;new;12999;ARS;5;2021-06-18T20:38:41.000Z;new;active;true;
MLA1103557045;Pendrive Kingston 32gb Usb;16963940;new;1999;ARS;500;2021-09-16T14:54:14.000Z;new;active;true;
MLA1120022699;Pendrive Sandisk 32gb Rosa Usb;16963940;new;1799;ARS;5;2022-01-19T21:39:24.000Z;new;active;true;
MLA1144576183;Monitor Philips Plano 24 Full Hd 75 Hz 241v8l/55 Va Lcd;211743527;new;49799;ARS;2;2022-06-28T15:16:54.000Z;new;active;true;
MLA870156646;Soporte Para Apple Mac Mini Vesa Tv Monitor O Pared;46845970;new;1549.99;ARS;30;2020-07-25T21:54:16.000Z;new;active;true;
MLA1120209719;Samsung M5 27  Fhd Con Smart Tv Apps Y Conectividad Wireless;544720810;new;95800;ARS;3;2022-01-21T15:31:22.000Z;new;active;true;
MLA1156355038;Soporte Para Mac Mini Vesa 70/100 Tv Monitor Nextsale Munro;16962390;new;3490;ARS;3;2022-08-23T00:44:13.000Z;new;active;true;
MLA1110264794;Pendrive Kingston 128gb Usb;16963940;new;4999;ARS;5;2021-10-29T12:41:54.000Z;new;active;true;
MLA1113669889;Mouse Inalambrico Gamer Escritorio Pc / Smart - Z/ Oeste;449047049;new;1298;ARS;3;2021-11-25T05:40:38.000Z;new;active;true;
MLA853540661;Cable Minidp Display Port Macho A Hdmi Hembra Tvhd Mac Pc;243488452;new;3314.4;ARS;5;2020-05-05T23:54:05.000Z;new;active;true;
MLA1110029369;Smart Monitor Samsung M5 27 Wifi Bluetooth Parlantes Tv Apps;78024526;new;141391.2;ARS;4;2021-10-27T23:00:37.000Z;new;active;true;
MLA930120143;Cable 1.8m Display Port A Displayport 4k V1.2 Tv Mac Ns Htec;21884494;new;8288.43;ARS;5;2021-07-19T20:52:46.000Z;new;active;true;
MLA1110016457;Smart Monitor Samsung M5 27 Wifi Bluetooth Parlantes Tv Apps;78024526;new;159487.2;ARS;0;2021-10-27T23:03:44.000Z;new;active;true;
MLA1142473893;Monitor Samsung Smart M5 27  Fhd Multifuncional Smart Tv App;189347848;new;113898;ARS;0;2022-06-14T12:02:14.000Z;new;active;true;
MLA1156323377;Soporte Para Mac Mini Vesa 70/100 Tv Monitor Nextsale Munro;738783679;new;3490;ARS;0;2022-08-23T00:47:12.000Z;new;active;true;
MLA886791768;Mouse Inalambrico 2.4 Ghz. Pc / Mac / Tv ;2014661;new;2455;ARS;1;2020-11-04T18:12:20.000Z;new;active;true;
MLA1113676294;Mouse Inalambrico Escritorio Pc / Smart - Colores - Z/ Oeste;449047049;new;998;ARS;0;2021-11-25T05:06:25.000Z;new;active;true;
MLA1150622857;Pendrive Kingston 64gb Metalico Usb;16963940;new;3499;ARS;0;2022-08-08T21:36:25.000Z;new;active;true;
MLA918410313;Cable 5mts Display Port A Displayport M/m Led Tv Mac Ns Htec;21884494;new;13600.41;ARS;0;2021-04-28T23:13:08.000Z;new;active;true;
MLA899668857;Cable 3mts Display Port A Displayport M/m Led Tv Mac Ns Htec;21884494;new;11880;ARS;5;2020-12-02T16:01:23.000Z;new;active;true;
MLA1150635640;Pendrive Kingston 32gb Metalico Usb;16963940;new;2499;ARS;1;2022-08-08T21:33:54.000Z;new;active;true;
MLA873406260; Proyecto After Effects - Paquete Para Tv;168994202;new;299;ARS;1;2020-08-14T21:39:00.000Z;new;active;true;
MLA1114053409;Mesa De Tv 1.60cm Opcional Luz Led Mac Mebles;62608868;new;22000;ARS;5;2021-11-28T18:25:27.000Z;new;active;true;
MLA1106442387;Mesa De Tv 1.60cm C/luces Opcionales Mac Muebles;62608868;new;22000;ARS;5;2021-10-03T19:12:36.000Z;new;active;true;
MLA1112354154;Estante De Tv Flotante 1.20cm Melamina Mac Muebles;62608868;new;4999;ARS;25;2021-11-14T20:32:21.000Z;new;active;true;
MLA1114060210;Mesa  De Tv 1.60cm Con Alacena Mac Muebles;62608868;new;31000;ARS;1;2021-11-28T19:07:46.000Z;new;active;true;
MLA1114027339;Estante Flotante De Tv 75 Cm Mac Muebles;62608868;new;4999;ARS;2;2021-11-28T02:43:58.000Z;new;active;true;
MLA1144973769;Reparación Pc & Mac Notebook Tv Led Auriculares Parlantes Bt;76714063;null;null;null;0;2022-06-30T18:30:16.000Z;null;active;true;
MLA1106467386;Mesa De Tv 1.60cm Melamina Mac Muebles;62608868;new;19000;ARS;0;2021-10-03T19:37:52.000Z;new;active;true;
MLA1143241715;Mueble De Tv 1.30cm Opcional C/ Luz Led Mac Muebles;62608868;new;20000;ARS;0;2022-06-19T18:17:34.000Z;new;active;true;
MLA1114035967;Mesa De Tv 1.80cm Con Alacena Mac Muebles;62608868;new;34999;ARS;0;2021-11-28T18:55:56.000Z;new;active;true;
MLA1143248281;Mueble De Tv 1.30cm Mac Muebles;62608868;new;20000;ARS;0;2022-06-19T18:40:42.000Z;new;active;true;
MLA770003654;Manual Sobre Produccion De Tv;153015254;new;1000;ARS;0;2019-02-07T13:46:19.000Z;new;active;true;
MLA842719495;Proyecto After Effects - Plantilla Apertura Programa Tv;168994202;new;299;ARS;3;2020-03-07T23:22:41.000Z;new;active;true;
MLA821626476;Adaptador De Display Port Macho A Hdmi Hembra Mac Macbook;149366800;new;4400;ARS;0;2019-10-24T14:39:58.000Z;new;active;true;
MLA913691542;Soporte Para Apple Mac Mini Vesa Tv Monitor O Pared;612274981;new;2480.8;ARS;1;2021-03-27T02:40:21.000Z;new;active;true;
MLA717989824;Quayle Mac Mr Robot 4 (tv O.s.t.)  Usa Import Cd;90270046;new;7020.42;ARS;0;2018-04-11T02:55:31.000Z;new;active;true;
MLA724154278;Mac Gyver 3er Temporada En Dvds Estreno;152196752;new;1249;ARS;2;2018-05-10T18:03:05.000Z;new;active;true;
MLA1149618622;Macgyver  2016 5ta Temporada En Dvds Estreno;152196752;new;1449;ARS;0;2022-08-03T22:06:40.000Z;new;active;true;
MLA1120183879;Smart Monitor M5 27  Fhd Con Smart Tv Apps Y Conectividad Wireless;544720810;new;95800;ARS;0;2022-01-21T15:31:22.000Z;new;active;true;
MLA756521943;Soporte Para Mac Mini Tv Monitor Apple Accesorio 3d Capital;108143366;new;1499;ARS;5;2018-11-03T16:35:42.000Z;new;active;true;
MLA829331806;Soporte Pared Y Vesa 75-100mm Apple Mac Mini Tv;64130989;new;799;ARS;4;2019-12-07T22:03:34.000Z;new;active;true;
MLA829331255;Soporte Vesa 100mm Y Pared Del Apple Mac Mini Tv Encastrable;64130989;new;539;ARS;1;2019-12-07T21:56:45.000Z;new;active;true;
MLA1185974829;Monitor Gamer Philips V 241v8l/55 Lcd 24  Negro 100v/240v;98254148;new;48709;ARS;1;2022-10-06T16:55:35.000Z;new;active;true;
MLA901419519;Cable Adaptador Usb C A Hdmi Notebook Mac Celular Tv Vention;188368799;new;3259.11;ARS;50;2020-12-17T14:40:24.000Z;new;active;true;
MLA1157209105;Control Remoto Apple Original A1156 Apple Tv, iPod, Mac;711116846;new;6500;ARS;0;2022-08-24T10:45:30.000Z;new;active;true;
MLA923230505;Pendrive Kingston Data Trab. Exodia 128gb Usb 3.2 Dtx/128gb;45370945;new;3999;ARS;250;2021-05-31T18:50:16.000Z;new;active;true;
MLA654467950;Conversor Convertidor Hdmi A Vga Con Audio - Ps4 Mac Tucuman;182319173;new;2400;ARS;5;2017-02-16T13:58:06.000Z;new;active;true;
MLA934242996;Pendrive Kingston 64gb Usb;16963940;new;2199.12;ARS;250;2021-08-13T18:46:25.000Z;new;active;true;
MLA1110004536;Smart Monitor Samsung M5 27 Wifi Bluetooth Parlantes Tv Apps;78024526;new;111999.2;ARS;5;2021-10-27T22:57:31.000Z;new;active;true;
MLA926272039;Disco Rígido Hdd Externo Seagate 1tb Usb 3.0 + Funda Cuero;184241184;new;12999;ARS;5;2021-06-18T20:38:41.000Z;new;active;true;
MLA1103557045;Pendrive Kingston 32gb Usb;16963940;new;1999;ARS;500;2021-09-16T14:54:14.000Z;new;active;true;
MLA1120022699;Pendrive Sandisk 32gb Rosa Usb;16963940;new;1799;ARS;5;2022-01-19T21:39:24.000Z;new;active;true;
MLA1144576183;Monitor Philips Plano 24 Full Hd 75 Hz 241v8l/55 Va Lcd;211743527;new;49799;ARS;2;2022-06-28T15:16:54.000Z;new;active;true;
MLA870156646;Soporte Para Apple Mac Mini Vesa Tv Monitor O Pared;46845970;new;1549.99;ARS;30;2020-07-25T21:54:16.000Z;new;active;true;
MLA1120209719;Samsung M5 27  Fhd Con Smart Tv Apps Y Conectividad Wireless;544720810;new;95800;ARS;3;2022-01-21T15:31:22.000Z;new;active;true;
MLA1156355038;Soporte Para Mac Mini Vesa 70/100 Tv Monitor Nextsale Munro;16962390;new;3490;ARS;3;2022-08-23T00:44:13.000Z;new;active;true;
MLA1110264794;Pendrive Kingston 128gb Usb;16963940;new;4999;ARS;5;2021-10-29T12:41:54.000Z;new;active;true;
MLA1113669889;Mouse Inalambrico Gamer Escritorio Pc / Smart - Z/ Oeste;449047049;new;1298;ARS;3;2021-11-25T05:40:38.000Z;new;active;true;
MLA853540661;Cable Minidp Display Port Macho A Hdmi Hembra Tvhd Mac Pc;243488452;new;3314.4;ARS;5;2020-05-05T23:54:05.000Z;new;active;true;
MLA1110029369;Smart Monitor Samsung M5 27 Wifi Bluetooth Parlantes Tv Apps;78024526;new;141391.2;ARS;4;2021-10-27T23:00:37.000Z;new;active;true;
MLA930120143;Cable 1.8m Display Port A Displayport 4k V1.2 Tv Mac Ns Htec;21884494;new;8288.43;ARS;5;2021-07-19T20:52:46.000Z;new;active;true;
MLA1110016457;Smart Monitor Samsung M5 27 Wifi Bluetooth Parlantes Tv Apps;78024526;new;159487.2;ARS;0;2021-10-27T23:03:44.000Z;new;active;true;
MLA1142473893;Monitor Samsung Smart M5 27  Fhd Multifuncional Smart Tv App;189347848;new;113898;ARS;0;2022-06-14T12:02:14.000Z;new;active;true;
MLA1156323377;Soporte Para Mac Mini Vesa 70/100 Tv Monitor Nextsale Munro;738783679;new;3490;ARS;0;2022-08-23T00:47:12.000Z;new;active;true;
MLA886791768;Mouse Inalambrico 2.4 Ghz. Pc / Mac / Tv ;2014661;new;2455;ARS;1;2020-11-04T18:12:20.000Z;new;active;true;
MLA1113676294;Mouse Inalambrico Escritorio Pc / Smart - Colores - Z/ Oeste;449047049;new;998;ARS;0;2021-11-25T05:06:25.000Z;new;active;true;
MLA1150622857;Pendrive Kingston 64gb Metalico Usb;16963940;new;3499;ARS;0;2022-08-08T21:36:25.000Z;new;active;true;
MLA918410313;Cable 5mts Display Port A Displayport M/m Led Tv Mac Ns Htec;21884494;new;13600.41;ARS;0;2021-04-28T23:13:08.000Z;new;active;true;
